Ticket ID,Ticket Subject,Ticket Description,Ticket Type,Ticket Priority,Ticket Channel
1,App keeps crashing on launch,"The software freezes at 80 percent every time I try to export a large file, I have to force close it.",Technical issue,Medium,Chat
2,Unable to log into my account,The mobile app is stuck on the loading screen and never gets past it no matter how many times I restart it.,Technical issue,Low,Email
3,Question about my last invoice,The total on my invoice this month is higher than my usual plan price and I am not sure why.,Billing inquiry,Medium,Chat
4,Comparing plan tiers,"Does your product support multiple user seats under one account, and how is pricing calculated for that.",Product inquiry,Low,Phone
5,Website is throwing a 500 error,The mobile app is stuck on the loading screen and never gets past it no matter how many times I restart it.,Technical issue,Medium,Chat
6,Unexpected charge on my card,"My card was charged twice for the same monthly subscription, I would like to understand why and get this corrected.",Billing inquiry,Low,Email
7,Refund needed for accidental purchase,"I accidentally purchased the annual plan instead of monthly, please refund the difference right away.",Refund request,High,Social media
8,Question about upgrading my plan,"Could you help me compare the mid and top tier plans, I am not sure which fits our team size.",Product inquiry,Low,Phone
9,Asking about enterprise features,"Does your product support multiple user seats under one account, and how is pricing calculated for that.",Product inquiry,Medium,Email
10,Unexpected charge on my card,"My card was charged twice for the same monthly subscription, I would like to understand why and get this corrected.",Billing inquiry,High,Email
11,Please cancel my account,"I am cancelling because I have not used the product in months, please process this and confirm.",Cancellation request,Medium,Phone
12,Unexpected charge on my card,"There is a charge on my card from your company that I do not recognize, can you explain what it is for.",Billing inquiry,Medium,Phone
13,Website is throwing a 500 error,"The sync between my desktop and mobile app stopped working two days ago, my data is not updating.",Technical issue,Medium,Social media
14,"Product did not work as advertised, want refund","I accidentally purchased the annual plan instead of monthly, please refund the difference right away.",Refund request,High,Email
15,Charged twice for the same subscription,"There is a charge on my card from your company that I do not recognize, can you explain what it is for.",Billing inquiry,Medium,Email
16,Invoice total does not match plan price,"My subscription renewed at a higher price than what I originally signed up for, please explain the increase.",Billing inquiry,Medium,Social media
17,Cancelling due to lack of use,"Can you walk me through how to cancel my current plan, I cannot find the option in settings.",Cancellation request,Low,Chat
18,Asking about enterprise features,"Could you help me compare the mid and top tier plans, I am not sure which fits our team size.",Product inquiry,High,Social media
19,"Product did not work as advertised, want refund","The product did not work as advertised and I have already spent hours troubleshooting, I want a refund.",Refund request,High,Email
20,Unable to log into my account,The dashboard fails to load and shows a 500 internal server error whenever I try to view my reports.,Technical issue,High,Social media
21,Question about upgrading my plan,"Could you help me compare the mid and top tier plans, I am not sure which fits our team size.",Product inquiry,Low,Social media
22,Asking about enterprise features,I'm considering upgrading my plan and wanted to know what additional features come with the higher tier.,Product inquiry,Medium,Email
23,Asking about enterprise features,"I'm evaluating your enterprise features for my team, could you share more details on SSO support.",Product inquiry,Low,Social media
24,Need clarification on billing cycle,"My card was charged twice for the same monthly subscription, I would like to understand why and get this corrected.",Billing inquiry,Critical,Phone
25,Does this support multiple users,I'm considering upgrading my plan and wanted to know what additional features come with the higher tier.,Product inquiry,High,Phone
26,Does this support multiple users,"Does your product support multiple user seats under one account, and how is pricing calculated for that.",Product inquiry,Low,Chat
27,Question about upgrading my plan,"I'm evaluating your enterprise features for my team, could you share more details on SSO support.",Product inquiry,Low,Email
28,Refund needed for accidental purchase,"The product did not work as advertised and I have already spent hours troubleshooting, I want a refund.",Refund request,Low,Email
29,Integration with third-party tool broken,I keep getting a server error when I try to log in with my correct credentials. I have tried resetting my password twice.,Technical issue,Critical,Chat
30,Subscription renewed at wrong price,"Can you clarify exactly when my billing cycle starts and ends each month, the dates seem inconsistent.",Billing inquiry,High,Chat
31,"Duplicate charge, please refund immediately","The product did not work as advertised and I have already spent hours troubleshooting, I want a refund.",Refund request,Critical,Chat
32,"Duplicate charge, please refund immediately","I accidentally purchased the annual plan instead of monthly, please refund the difference right away.",Refund request,High,Social media
33,Sync feature not working,"The sync between my desktop and mobile app stopped working two days ago, my data is not updating.",Technical issue,Low,Email
34,Does this support multiple users,"Does your product support multiple user seats under one account, and how is pricing calculated for that.",Product inquiry,Low,Email
35,Charged twice for the same subscription,"My card was charged twice for the same monthly subscription, I would like to understand why and get this corrected.",Billing inquiry,High,Email
36,Does this support multiple users,"I'm evaluating your enterprise features for my team, could you share more details on SSO support.",Product inquiry,Medium,Chat
37,Does this support multiple users,"Could you help me compare the mid and top tier plans, I am not sure which fits our team size.",Product inquiry,Low,Social media
38,How do I cancel my plan,"I would like to cancel my subscription effective immediately, please confirm once this is done.",Cancellation request,Low,Social media
39,"Duplicate charge, please refund immediately","I was charged twice for the same order, please refund the duplicate charge as soon as possible.",Refund request,High,Email
40,App keeps crashing on launch,The mobile app is stuck on the loading screen and never gets past it no matter how many times I restart it.,Technical issue,High,Email
41,Question about my last invoice,"I have a question about a line item on my latest invoice, it doesn't match what I was quoted at signup.",Billing inquiry,Medium,Chat
42,How do I cancel my plan,"Please cancel my account and stop any future billing, I no longer need the service.",Cancellation request,Medium,Email
43,Want to cancel my subscription,"I would like to cancel my subscription effective immediately, please confirm once this is done.",Cancellation request,Medium,Email
44,Sync feature not working,The dashboard fails to load and shows a 500 internal server error whenever I try to view my reports.,Technical issue,Medium,Social media
45,Need clarification on billing cycle,"My card was charged twice for the same monthly subscription, I would like to understand why and get this corrected.",Billing inquiry,Low,Email
46,Please cancel my account,"I am cancelling because I have not used the product in months, please process this and confirm.",Cancellation request,Low,Social media
47,Question about my last invoice,"There is a charge on my card from your company that I do not recognize, can you explain what it is for.",Billing inquiry,Medium,Email
48,Question about upgrading my plan,"I'm evaluating your enterprise features for my team, could you share more details on SSO support.",Product inquiry,Low,Social media
49,Does this support multiple users,I'm considering upgrading my plan and wanted to know what additional features come with the higher tier.,Product inquiry,High,Email
50,Charged twice for the same subscription,The total on my invoice this month is higher than my usual plan price and I am not sure why.,Billing inquiry,Low,Chat
51,Want to cancel my subscription,"Can you walk me through how to cancel my current plan, I cannot find the option in settings.",Cancellation request,Medium,Email
52,Question about upgrading my plan,"Could you help me compare the mid and top tier plans, I am not sure which fits our team size.",Product inquiry,Medium,Phone
53,"Product did not work as advertised, want refund","I accidentally purchased the annual plan instead of monthly, please refund the difference right away.",Refund request,Medium,Social media
54,Subscription renewed at wrong price,"My subscription renewed at a higher price than what I originally signed up for, please explain the increase.",Billing inquiry,Medium,Phone
55,App keeps crashing on launch,"Our Zapier integration stopped passing data through after your latest release, nothing shows up on the other end.",Technical issue,High,Email
56,Sync feature not working,"The software freezes at 80 percent every time I try to export a large file, I have to force close it.",Technical issue,Low,Phone
57,Sync feature not working,"I cannot connect to your server from my office network, but it works fine on my home wifi.",Technical issue,Medium,Social media
58,Asking about enterprise features,I'm considering upgrading my plan and wanted to know what additional features come with the higher tier.,Product inquiry,Medium,Phone
59,Website is throwing a 500 error,"The software freezes at 80 percent every time I try to export a large file, I have to force close it.",Technical issue,Low,Email
60,Does this support multiple users,"I'm evaluating your enterprise features for my team, could you share more details on SSO support.",Product inquiry,Low,Chat
61,"Product did not work as advertised, want refund","I accidentally purchased the annual plan instead of monthly, please refund the difference right away.",Refund request,High,Phone
62,Unable to log into my account,The mobile app is stuck on the loading screen and never gets past it no matter how many times I restart it.,Technical issue,High,Email
63,Cannot connect to the server,The dashboard fails to load and shows a 500 internal server error whenever I try to view my reports.,Technical issue,High,Phone
64,Subscription renewed at wrong price,"Can you clarify exactly when my billing cycle starts and ends each month, the dates seem inconsistent.",Billing inquiry,Medium,Social media
65,Question about upgrading my plan,I'm considering upgrading my plan and wanted to know what additional features come with the higher tier.,Product inquiry,Low,Chat
66,Question about upgrading my plan,"I'm evaluating your enterprise features for my team, could you share more details on SSO support.",Product inquiry,Medium,Chat
67,How do I cancel my plan,"I would like to cancel my subscription effective immediately, please confirm once this is done.",Cancellation request,Low,Email
68,"Product did not work as advertised, want refund","The product did not work as advertised and I have already spent hours troubleshooting, I want a refund.",Refund request,High,Phone
69,Comparing plan tiers,"Does your product support multiple user seats under one account, and how is pricing calculated for that.",Product inquiry,High,Chat
70,Question about my last invoice,"Can you clarify exactly when my billing cycle starts and ends each month, the dates seem inconsistent.",Billing inquiry,Low,Phone
71,How do I cancel my plan,"Please cancel my account and stop any future billing, I no longer need the service.",Cancellation request,Low,Email
72,Want to cancel my subscription,"I am cancelling because I have not used the product in months, please process this and confirm.",Cancellation request,Low,Social media
73,Refund needed for accidental purchase,"The product did not work as advertised and I have already spent hours troubleshooting, I want a refund.",Refund request,Medium,Chat
74,Please cancel my account,"Please cancel my account and stop any future billing, I no longer need the service.",Cancellation request,High,Phone
75,"Duplicate charge, please refund immediately","I accidentally purchased the annual plan instead of monthly, please refund the difference right away.",Refund request,Critical,Email
76,"Product did not work as advertised, want refund","I accidentally purchased the annual plan instead of monthly, please refund the difference right away.",Refund request,Low,Social media
77,Refund needed for accidental purchase,"I was charged twice for the same order, please refund the duplicate charge as soon as possible.",Refund request,High,Email
78,How do I cancel my plan,"Please cancel my account and stop any future billing, I no longer need the service.",Cancellation request,Low,Social media
79,Sync feature not working,"I cannot connect to your server from my office network, but it works fine on my home wifi.",Technical issue,Medium,Phone
80,Asking about enterprise features,I'm considering upgrading my plan and wanted to know what additional features come with the higher tier.,Product inquiry,Medium,Phone
81,Asking about enterprise features,"Could you help me compare the mid and top tier plans, I am not sure which fits our team size.",Product inquiry,Low,Phone
82,Does this support multiple users,"Does your product support multiple user seats under one account, and how is pricing calculated for that.",Product inquiry,Low,Social media
83,Invoice total does not match plan price,The total on my invoice this month is higher than my usual plan price and I am not sure why.,Billing inquiry,Medium,Email
84,Refund needed for accidental purchase,"The product did not work as advertised and I have already spent hours troubleshooting, I want a refund.",Refund request,High,Phone
85,Cancelling due to lack of use,"I am cancelling because I have not used the product in months, please process this and confirm.",Cancellation request,Medium,Social media
86,Subscription renewed at wrong price,"My card was charged twice for the same monthly subscription, I would like to understand why and get this corrected.",Billing inquiry,Medium,Phone
87,Sync feature not working,"The software freezes at 80 percent every time I try to export a large file, I have to force close it.",Technical issue,Medium,Chat
88,Charged twice for the same subscription,"My card was charged twice for the same monthly subscription, I would like to understand why and get this corrected.",Billing inquiry,Medium,Social media
89,Question about upgrading my plan,"Could you help me compare the mid and top tier plans, I am not sure which fits our team size.",Product inquiry,Low,Chat
90,Cancelling due to lack of use,"I am cancelling because I have not used the product in months, please process this and confirm.",Cancellation request,Low,Email
91,Mobile app stuck on loading screen,"The sync between my desktop and mobile app stopped working two days ago, my data is not updating.",Technical issue,Medium,Social media
92,Sync feature not working,I keep getting a server error when I try to log in with my correct credentials. I have tried resetting my password twice.,Technical issue,Medium,Social media
93,Asking about enterprise features,"Could you help me compare the mid and top tier plans, I am not sure which fits our team size.",Product inquiry,Medium,Social media
94,Comparing plan tiers,"Does your product support multiple user seats under one account, and how is pricing calculated for that.",Product inquiry,Medium,Social media
95,Please cancel my account,"Can you walk me through how to cancel my current plan, I cannot find the option in settings.",Cancellation request,High,Phone
96,Comparing plan tiers,"Does your product support multiple user seats under one account, and how is pricing calculated for that.",Product inquiry,Low,Email
97,"Product did not work as advertised, want refund","I accidentally purchased the annual plan instead of monthly, please refund the difference right away.",Refund request,Medium,Email
98,Question about my last invoice,"I have a question about a line item on my latest invoice, it doesn't match what I was quoted at signup.",Billing inquiry,Medium,Chat
99,Charged twice for the same subscription,"Can you clarify exactly when my billing cycle starts and ends each month, the dates seem inconsistent.",Billing inquiry,Medium,Social media
100,Want to cancel my subscription,"Can you walk me through how to cancel my current plan, I cannot find the option in settings.",Cancellation request,High,Social media
101,Question about upgrading my plan,"Could you help me compare the mid and top tier plans, I am not sure which fits our team size.",Product inquiry,Low,Phone
102,"Duplicate charge, please refund immediately","I was charged twice for the same order, please refund the duplicate charge as soon as possible.",Refund request,High,Chat
103,How do I cancel my plan,"Please cancel my account and stop any future billing, I no longer need the service.",Cancellation request,Medium,Email
104,Please cancel my account,"I am cancelling because I have not used the product in months, please process this and confirm.",Cancellation request,Medium,Social media
105,Invoice total does not match plan price,The total on my invoice this month is higher than my usual plan price and I am not sure why.,Billing inquiry,Low,Social media
106,Question about upgrading my plan,I'm considering upgrading my plan and wanted to know what additional features come with the higher tier.,Product inquiry,Medium,Chat
107,How do I cancel my plan,"I would like to cancel my subscription effective immediately, please confirm once this is done.",Cancellation request,Low,Phone
108,Need clarification on billing cycle,"There is a charge on my card from your company that I do not recognize, can you explain what it is for.",Billing inquiry,Medium,Social media
109,"Duplicate charge, please refund immediately","I accidentally purchased the annual plan instead of monthly, please refund the difference right away.",Refund request,High,Social media
110,App keeps crashing on launch,"I cannot connect to your server from my office network, but it works fine on my home wifi.",Technical issue,Medium,Email
111,App keeps crashing on launch,"The sync between my desktop and mobile app stopped working two days ago, my data is not updating.",Technical issue,Medium,Email
112,Does this support multiple users,"Does your product support multiple user seats under one account, and how is pricing calculated for that.",Product inquiry,Low,Email
113,Does this support multiple users,"Could you help me compare the mid and top tier plans, I am not sure which fits our team size.",Product inquiry,Medium,Phone
114,Invoice total does not match plan price,The total on my invoice this month is higher than my usual plan price and I am not sure why.,Billing inquiry,Critical,Email
115,Unexpected charge on my card,"My card was charged twice for the same monthly subscription, I would like to understand why and get this corrected.",Billing inquiry,Medium,Phone
116,Comparing plan tiers,"Could you help me compare the mid and top tier plans, I am not sure which fits our team size.",Product inquiry,High,Chat
117,Sync feature not working,I keep getting a server error when I try to log in with my correct credentials. I have tried resetting my password twice.,Technical issue,High,Phone
118,Question about upgrading my plan,I'm considering upgrading my plan and wanted to know what additional features come with the higher tier.,Product inquiry,Low,Social media
119,Requesting a refund for last month,"I accidentally purchased the annual plan instead of monthly, please refund the difference right away.",Refund request,Low,Social media
120,Want to cancel my subscription,"I am cancelling because I have not used the product in months, please process this and confirm.",Cancellation request,Critical,Social media
121,Need clarification on billing cycle,"I have a question about a line item on my latest invoice, it doesn't match what I was quoted at signup.",Billing inquiry,High,Phone
122,Comparing plan tiers,"Could you help me compare the mid and top tier plans, I am not sure which fits our team size.",Product inquiry,Low,Phone
123,"Product did not work as advertised, want refund",I would like to request a full refund for last month's charge because I did not use the service at all.,Refund request,Medium,Social media
124,Need clarification on billing cycle,The total on my invoice this month is higher than my usual plan price and I am not sure why.,Billing inquiry,Medium,Social media
125,Requesting a refund for last month,"I was charged twice for the same order, please refund the duplicate charge as soon as possible.",Refund request,Critical,Chat
126,How do I cancel my plan,"Please cancel my account and stop any future billing, I no longer need the service.",Cancellation request,High,Phone
127,Refund needed for accidental purchase,I would like to request a full refund for last month's charge because I did not use the service at all.,Refund request,High,Chat
128,Sync feature not working,The mobile app is stuck on the loading screen and never gets past it no matter how many times I restart it.,Technical issue,Medium,Chat
129,Cancelling due to lack of use,"I am cancelling because I have not used the product in months, please process this and confirm.",Cancellation request,High,Email
130,"Product did not work as advertised, want refund","I was charged twice for the same order, please refund the duplicate charge as soon as possible.",Refund request,High,Phone
131,Asking about enterprise features,"Could you help me compare the mid and top tier plans, I am not sure which fits our team size.",Product inquiry,Medium,Phone
132,Please cancel my account,"Please cancel my account and stop any future billing, I no longer need the service.",Cancellation request,Medium,Phone
133,Refund needed for accidental purchase,"The product did not work as advertised and I have already spent hours troubleshooting, I want a refund.",Refund request,Medium,Chat
134,Requesting a refund for last month,"The product did not work as advertised and I have already spent hours troubleshooting, I want a refund.",Refund request,Medium,Social media
135,Refund needed for accidental purchase,I would like to request a full refund for last month's charge because I did not use the service at all.,Refund request,High,Phone
136,Unexpected charge on my card,"I have a question about a line item on my latest invoice, it doesn't match what I was quoted at signup.",Billing inquiry,Medium,Chat
137,Requesting a refund for last month,I would like to request a full refund for last month's charge because I did not use the service at all.,Refund request,High,Chat
138,Want to cancel my subscription,"I would like to cancel my subscription effective immediately, please confirm once this is done.",Cancellation request,Medium,Social media
139,Cancelling due to lack of use,"Please cancel my account and stop any future billing, I no longer need the service.",Cancellation request,Low,Email
140,"Duplicate charge, please refund immediately",I would like to request a full refund for last month's charge because I did not use the service at all.,Refund request,High,Social media
141,Want to cancel my subscription,"I would like to cancel my subscription effective immediately, please confirm once this is done.",Cancellation request,Low,Phone
142,Sync feature not working,I keep getting a server error when I try to log in with my correct credentials. I have tried resetting my password twice.,Technical issue,High,Social media
143,Does this support multiple users,"Could you help me compare the mid and top tier plans, I am not sure which fits our team size.",Product inquiry,Low,Social media
144,"Duplicate charge, please refund immediately","I accidentally purchased the annual plan instead of monthly, please refund the difference right away.",Refund request,High,Email
145,Question about upgrading my plan,"Does your product support multiple user seats under one account, and how is pricing calculated for that.",Product inquiry,Medium,Phone
146,Website is throwing a 500 error,"The sync between my desktop and mobile app stopped working two days ago, my data is not updating.",Technical issue,Medium,Email
147,Charged twice for the same subscription,"Can you clarify exactly when my billing cycle starts and ends each month, the dates seem inconsistent.",Billing inquiry,Medium,Social media
148,Requesting a refund for last month,"The product did not work as advertised and I have already spent hours troubleshooting, I want a refund.",Refund request,Medium,Phone
149,Want to cancel my subscription,"Can you walk me through how to cancel my current plan, I cannot find the option in settings.",Cancellation request,High,Chat
150,Want to cancel my subscription,"Can you walk me through how to cancel my current plan, I cannot find the option in settings.",Cancellation request,Medium,Phone
151,Charged twice for the same subscription,"My card was charged twice for the same monthly subscription, I would like to understand why and get this corrected.",Billing inquiry,Low,Phone
152,Asking about enterprise features,"Could you help me compare the mid and top tier plans, I am not sure which fits our team size.",Product inquiry,Low,Phone
153,Please cancel my account,"I am cancelling because I have not used the product in months, please process this and confirm.",Cancellation request,Medium,Email
154,Please cancel my account,"Please cancel my account and stop any future billing, I no longer need the service.",Cancellation request,Low,Chat
155,Question about upgrading my plan,"I'm evaluating your enterprise features for my team, could you share more details on SSO support.",Product inquiry,Medium,Chat
156,Cancelling due to lack of use,"Please cancel my account and stop any future billing, I no longer need the service.",Cancellation request,Low,Social media
157,Want to cancel my subscription,"I am cancelling because I have not used the product in months, please process this and confirm.",Cancellation request,Low,Phone
158,Requesting a refund for last month,"The product did not work as advertised and I have already spent hours troubleshooting, I want a refund.",Refund request,Medium,Social media
159,"Duplicate charge, please refund immediately",I would like to request a full refund for last month's charge because I did not use the service at all.,Refund request,High,Phone
160,Refund needed for accidental purchase,I would like to request a full refund for last month's charge because I did not use the service at all.,Refund request,Critical,Social media
161,Question about upgrading my plan,"Could you help me compare the mid and top tier plans, I am not sure which fits our team size.",Product inquiry,Low,Chat
162,Asking about enterprise features,"Could you help me compare the mid and top tier plans, I am not sure which fits our team size.",Product inquiry,Medium,Email
163,Unexpected charge on my card,The total on my invoice this month is higher than my usual plan price and I am not sure why.,Billing inquiry,Low,Phone
164,Cancelling due to lack of use,"I would like to cancel my subscription effective immediately, please confirm once this is done.",Cancellation request,Low,Chat
165,Unexpected charge on my card,The total on my invoice this month is higher than my usual plan price and I am not sure why.,Billing inquiry,Low,Social media
166,Sync feature not working,I keep getting a server error when I try to log in with my correct credentials. I have tried resetting my password twice.,Technical issue,Medium,Email
167,Need clarification on billing cycle,"My subscription renewed at a higher price than what I originally signed up for, please explain the increase.",Billing inquiry,Medium,Phone
168,Cancelling due to lack of use,"I am cancelling because I have not used the product in months, please process this and confirm.",Cancellation request,Low,Chat
169,How do I cancel my plan,"Can you walk me through how to cancel my current plan, I cannot find the option in settings.",Cancellation request,High,Phone
170,Please cancel my account,"Please cancel my account and stop any future billing, I no longer need the service.",Cancellation request,High,Phone
171,"Duplicate charge, please refund immediately","The product did not work as advertised and I have already spent hours troubleshooting, I want a refund.",Refund request,High,Social media
172,Refund needed for accidental purchase,"I was charged twice for the same order, please refund the duplicate charge as soon as possible.",Refund request,High,Phone
173,Subscription renewed at wrong price,"I have a question about a line item on my latest invoice, it doesn't match what I was quoted at signup.",Billing inquiry,Medium,Chat
174,Want to cancel my subscription,"Please cancel my account and stop any future billing, I no longer need the service.",Cancellation request,Medium,Social media
175,How do I cancel my plan,"I am cancelling because I have not used the product in months, please process this and confirm.",Cancellation request,Critical,Chat
176,Asking about enterprise features,I'm considering upgrading my plan and wanted to know what additional features come with the higher tier.,Product inquiry,High,Social media
177,Integration with third-party tool broken,"Every time I open the app it crashes immediately, even after reinstalling. This started after the last update.",Technical issue,High,Social media
178,Charged twice for the same subscription,"Can you clarify exactly when my billing cycle starts and ends each month, the dates seem inconsistent.",Billing inquiry,High,Phone
179,"Duplicate charge, please refund immediately",I would like to request a full refund for last month's charge because I did not use the service at all.,Refund request,Critical,Social media
180,"Duplicate charge, please refund immediately",I would like to request a full refund for last month's charge because I did not use the service at all.,Refund request,High,Chat
181,"Product did not work as advertised, want refund",I would like to request a full refund for last month's charge because I did not use the service at all.,Refund request,High,Email
182,Integration with third-party tool broken,The dashboard fails to load and shows a 500 internal server error whenever I try to view my reports.,Technical issue,High,Email
183,Cannot connect to the server,"Every time I open the app it crashes immediately, even after reinstalling. This started after the last update.",Technical issue,Medium,Phone
184,How do I cancel my plan,"Can you walk me through how to cancel my current plan, I cannot find the option in settings.",Cancellation request,Medium,Chat
185,Question about my last invoice,"My card was charged twice for the same monthly subscription, I would like to understand why and get this corrected.",Billing inquiry,Medium,Social media
186,Does this support multiple users,"Could you help me compare the mid and top tier plans, I am not sure which fits our team size.",Product inquiry,High,Chat
187,Need clarification on billing cycle,"My subscription renewed at a higher price than what I originally signed up for, please explain the increase.",Billing inquiry,Medium,Phone
188,Integration with third-party tool broken,"The software freezes at 80 percent every time I try to export a large file, I have to force close it.",Technical issue,High,Chat
189,Integration with third-party tool broken,"I cannot connect to your server from my office network, but it works fine on my home wifi.",Technical issue,Critical,Phone
190,Please cancel my account,"I am cancelling because I have not used the product in months, please process this and confirm.",Cancellation request,High,Chat
191,Cancelling due to lack of use,"I would like to cancel my subscription effective immediately, please confirm once this is done.",Cancellation request,Low,Phone
192,Asking about enterprise features,"I'm evaluating your enterprise features for my team, could you share more details on SSO support.",Product inquiry,Low,Social media
193,Requesting a refund for last month,I would like to request a full refund for last month's charge because I did not use the service at all.,Refund request,Critical,Social media
194,"Product did not work as advertised, want refund","I accidentally purchased the annual plan instead of monthly, please refund the difference right away.",Refund request,Medium,Chat
195,Asking about enterprise features,"Does your product support multiple user seats under one account, and how is pricing calculated for that.",Product inquiry,Medium,Email
196,"Duplicate charge, please refund immediately",I would like to request a full refund for last month's charge because I did not use the service at all.,Refund request,High,Chat
197,Software freezes during export,"I cannot connect to your server from my office network, but it works fine on my home wifi.",Technical issue,High,Chat
198,Question about my last invoice,The total on my invoice this month is higher than my usual plan price and I am not sure why.,Billing inquiry,High,Phone
199,Asking about enterprise features,"Does your product support multiple user seats under one account, and how is pricing calculated for that.",Product inquiry,Low,Social media
200,Refund needed for accidental purchase,I would like to request a full refund for last month's charge because I did not use the service at all.,Refund request,High,Email
201,Question about my last invoice,"My subscription renewed at a higher price than what I originally signed up for, please explain the increase.",Billing inquiry,High,Social media
202,Asking about enterprise features,I'm considering upgrading my plan and wanted to know what additional features come with the higher tier.,Product inquiry,Medium,Email
203,Requesting a refund for last month,"I was charged twice for the same order, please refund the duplicate charge as soon as possible.",Refund request,Medium,Phone
204,Comparing plan tiers,"I'm evaluating your enterprise features for my team, could you share more details on SSO support.",Product inquiry,Low,Chat
205,Want to cancel my subscription,"Please cancel my account and stop any future billing, I no longer need the service.",Cancellation request,High,Chat
206,Integration with third-party tool broken,"The software freezes at 80 percent every time I try to export a large file, I have to force close it.",Technical issue,High,Email
207,Charged twice for the same subscription,"My card was charged twice for the same monthly subscription, I would like to understand why and get this corrected.",Billing inquiry,Medium,Social media
208,Unable to log into my account,"The sync between my desktop and mobile app stopped working two days ago, my data is not updating.",Technical issue,Critical,Chat
209,Cancelling due to lack of use,"Please cancel my account and stop any future billing, I no longer need the service.",Cancellation request,Medium,Social media
210,Does this support multiple users,"Could you help me compare the mid and top tier plans, I am not sure which fits our team size.",Product inquiry,Medium,Social media
211,Comparing plan tiers,"I'm evaluating your enterprise features for my team, could you share more details on SSO support.",Product inquiry,Low,Phone
212,Need clarification on billing cycle,"Can you clarify exactly when my billing cycle starts and ends each month, the dates seem inconsistent.",Billing inquiry,Critical,Phone
213,Cannot connect to the server,"I cannot connect to your server from my office network, but it works fine on my home wifi.",Technical issue,Low,Phone
214,Charged twice for the same subscription,"Can you clarify exactly when my billing cycle starts and ends each month, the dates seem inconsistent.",Billing inquiry,Low,Chat
215,Question about upgrading my plan,I'm considering upgrading my plan and wanted to know what additional features come with the higher tier.,Product inquiry,Medium,Chat
216,Invoice total does not match plan price,"I have a question about a line item on my latest invoice, it doesn't match what I was quoted at signup.",Billing inquiry,Low,Chat
217,Does this support multiple users,"Does your product support multiple user seats under one account, and how is pricing calculated for that.",Product inquiry,Low,Chat
218,Question about upgrading my plan,"I'm evaluating your enterprise features for my team, could you share more details on SSO support.",Product inquiry,High,Chat
219,Invoice total does not match plan price,"There is a charge on my card from your company that I do not recognize, can you explain what it is for.",Billing inquiry,High,Email
220,Website is throwing a 500 error,"Every time I open the app it crashes immediately, even after reinstalling. This started after the last update.",Technical issue,Medium,Chat
221,Asking about enterprise features,I'm considering upgrading my plan and wanted to know what additional features come with the higher tier.,Product inquiry,Low,Email
222,Subscription renewed at wrong price,"Can you clarify exactly when my billing cycle starts and ends each month, the dates seem inconsistent.",Billing inquiry,Medium,Email
223,Cancelling due to lack of use,"Please cancel my account and stop any future billing, I no longer need the service.",Cancellation request,Medium,Email
224,How do I cancel my plan,"I would like to cancel my subscription effective immediately, please confirm once this is done.",Cancellation request,Medium,Phone
225,Want to cancel my subscription,"I would like to cancel my subscription effective immediately, please confirm once this is done.",Cancellation request,Critical,Social media
226,Want to cancel my subscription,"I am cancelling because I have not used the product in months, please process this and confirm.",Cancellation request,Medium,Social media
227,Unable to log into my account,"I cannot connect to your server from my office network, but it works fine on my home wifi.",Technical issue,High,Email
228,Unexpected charge on my card,The total on my invoice this month is higher than my usual plan price and I am not sure why.,Billing inquiry,Medium,Phone
229,Please cancel my account,"I am cancelling because I have not used the product in months, please process this and confirm.",Cancellation request,Medium,Social media
230,Unable to log into my account,"The sync between my desktop and mobile app stopped working two days ago, my data is not updating.",Technical issue,Medium,Chat
231,Please cancel my account,"I am cancelling because I have not used the product in months, please process this and confirm.",Cancellation request,Medium,Email
232,"Duplicate charge, please refund immediately","I accidentally purchased the annual plan instead of monthly, please refund the difference right away.",Refund request,High,Phone
233,Subscription renewed at wrong price,"Can you clarify exactly when my billing cycle starts and ends each month, the dates seem inconsistent.",Billing inquiry,Low,Email
234,Mobile app stuck on loading screen,I keep getting a server error when I try to log in with my correct credentials. I have tried resetting my password twice.,Technical issue,High,Phone
235,Invoice total does not match plan price,"My card was charged twice for the same monthly subscription, I would like to understand why and get this corrected.",Billing inquiry,Medium,Phone
236,Mobile app stuck on loading screen,"I cannot connect to your server from my office network, but it works fine on my home wifi.",Technical issue,Critical,Social media
237,Software freezes during export,"The software freezes at 80 percent every time I try to export a large file, I have to force close it.",Technical issue,Medium,Chat
238,Subscription renewed at wrong price,"Can you clarify exactly when my billing cycle starts and ends each month, the dates seem inconsistent.",Billing inquiry,Medium,Email
239,Refund needed for accidental purchase,I would like to request a full refund for last month's charge because I did not use the service at all.,Refund request,High,Chat
240,Want to cancel my subscription,"Please cancel my account and stop any future billing, I no longer need the service.",Cancellation request,Low,Phone
241,Refund needed for accidental purchase,"I accidentally purchased the annual plan instead of monthly, please refund the difference right away.",Refund request,Low,Chat
242,Comparing plan tiers,I'm considering upgrading my plan and wanted to know what additional features come with the higher tier.,Product inquiry,Low,Email
243,Sync feature not working,The mobile app is stuck on the loading screen and never gets past it no matter how many times I restart it.,Technical issue,Medium,Phone
244,Unexpected charge on my card,"There is a charge on my card from your company that I do not recognize, can you explain what it is for.",Billing inquiry,High,Email
245,Website is throwing a 500 error,The dashboard fails to load and shows a 500 internal server error whenever I try to view my reports.,Technical issue,High,Email
246,Software freezes during export,"Our Zapier integration stopped passing data through after your latest release, nothing shows up on the other end.",Technical issue,High,Social media
247,Comparing plan tiers,"Could you help me compare the mid and top tier plans, I am not sure which fits our team size.",Product inquiry,Low,Email
248,"Duplicate charge, please refund immediately",I would like to request a full refund for last month's charge because I did not use the service at all.,Refund request,Medium,Social media
249,Asking about enterprise features,I'm considering upgrading my plan and wanted to know what additional features come with the higher tier.,Product inquiry,Low,Email
250,Sync feature not working,"The software freezes at 80 percent every time I try to export a large file, I have to force close it.",Technical issue,Critical,Chat
251,Refund needed for accidental purchase,"I accidentally purchased the annual plan instead of monthly, please refund the difference right away.",Refund request,Medium,Social media
252,How do I cancel my plan,"Can you walk me through how to cancel my current plan, I cannot find the option in settings.",Cancellation request,Medium,Chat
253,Asking about enterprise features,I'm considering upgrading my plan and wanted to know what additional features come with the higher tier.,Product inquiry,Low,Email
254,Want to cancel my subscription,"I am cancelling because I have not used the product in months, please process this and confirm.",Cancellation request,High,Phone
255,Comparing plan tiers,"Could you help me compare the mid and top tier plans, I am not sure which fits our team size.",Product inquiry,Medium,Social media
256,Requesting a refund for last month,"I was charged twice for the same order, please refund the duplicate charge as soon as possible.",Refund request,Low,Phone
257,Invoice total does not match plan price,"Can you clarify exactly when my billing cycle starts and ends each month, the dates seem inconsistent.",Billing inquiry,High,Phone
258,Mobile app stuck on loading screen,I keep getting a server error when I try to log in with my correct credentials. I have tried resetting my password twice.,Technical issue,Medium,Social media
259,Question about upgrading my plan,"Could you help me compare the mid and top tier plans, I am not sure which fits our team size.",Product inquiry,High,Phone
260,Unexpected charge on my card,"I have a question about a line item on my latest invoice, it doesn't match what I was quoted at signup.",Billing inquiry,Low,Email
261,Does this support multiple users,"I'm evaluating your enterprise features for my team, could you share more details on SSO support.",Product inquiry,Low,Chat
262,Charged twice for the same subscription,"I have a question about a line item on my latest invoice, it doesn't match what I was quoted at signup.",Billing inquiry,Medium,Chat
263,Does this support multiple users,I'm considering upgrading my plan and wanted to know what additional features come with the higher tier.,Product inquiry,Low,Social media
264,Cancelling due to lack of use,"Please cancel my account and stop any future billing, I no longer need the service.",Cancellation request,High,Phone
265,Need clarification on billing cycle,"My card was charged twice for the same monthly subscription, I would like to understand why and get this corrected.",Billing inquiry,Medium,Phone
266,Requesting a refund for last month,"I accidentally purchased the annual plan instead of monthly, please refund the difference right away.",Refund request,High,Phone
267,Cancelling due to lack of use,"I would like to cancel my subscription effective immediately, please confirm once this is done.",Cancellation request,Low,Phone
268,Unable to log into my account,The mobile app is stuck on the loading screen and never gets past it no matter how many times I restart it.,Technical issue,Medium,Email
269,How do I cancel my plan,"Please cancel my account and stop any future billing, I no longer need the service.",Cancellation request,Medium,Chat
270,Integration with third-party tool broken,I keep getting a server error when I try to log in with my correct credentials. I have tried resetting my password twice.,Technical issue,High,Phone
271,Website is throwing a 500 error,"Every time I open the app it crashes immediately, even after reinstalling. This started after the last update.",Technical issue,Medium,Social media
272,How do I cancel my plan,"Please cancel my account and stop any future billing, I no longer need the service.",Cancellation request,Medium,Phone
273,Cancelling due to lack of use,"Please cancel my account and stop any future billing, I no longer need the service.",Cancellation request,Medium,Email
274,Requesting a refund for last month,"I accidentally purchased the annual plan instead of monthly, please refund the difference right away.",Refund request,Low,Social media
275,Refund needed for accidental purchase,"The product did not work as advertised and I have already spent hours troubleshooting, I want a refund.",Refund request,Medium,Chat
276,Refund needed for accidental purchase,"I was charged twice for the same order, please refund the duplicate charge as soon as possible.",Refund request,Medium,Email
277,"Duplicate charge, please refund immediately","I accidentally purchased the annual plan instead of monthly, please refund the difference right away.",Refund request,High,Email
278,Please cancel my account,"I would like to cancel my subscription effective immediately, please confirm once this is done.",Cancellation request,Medium,Chat
279,Unexpected charge on my card,"Can you clarify exactly when my billing cycle starts and ends each month, the dates seem inconsistent.",Billing inquiry,Low,Chat
280,Charged twice for the same subscription,"There is a charge on my card from your company that I do not recognize, can you explain what it is for.",Billing inquiry,High,Email
281,Question about upgrading my plan,"I'm evaluating your enterprise features for my team, could you share more details on SSO support.",Product inquiry,High,Chat
282,Comparing plan tiers,"Does your product support multiple user seats under one account, and how is pricing calculated for that.",Product inquiry,Low,Chat
283,Want to cancel my subscription,"I am cancelling because I have not used the product in months, please process this and confirm.",Cancellation request,Medium,Chat
284,Please cancel my account,"I am cancelling because I have not used the product in months, please process this and confirm.",Cancellation request,Low,Chat
285,"Duplicate charge, please refund immediately","The product did not work as advertised and I have already spent hours troubleshooting, I want a refund.",Refund request,Medium,Social media
286,Please cancel my account,"I am cancelling because I have not used the product in months, please process this and confirm.",Cancellation request,Medium,Social media
287,Question about my last invoice,The total on my invoice this month is higher than my usual plan price and I am not sure why.,Billing inquiry,Low,Phone
288,Integration with third-party tool broken,"I cannot connect to your server from my office network, but it works fine on my home wifi.",Technical issue,High,Email
289,Question about upgrading my plan,"I'm evaluating your enterprise features for my team, could you share more details on SSO support.",Product inquiry,Low,Chat
290,"Duplicate charge, please refund immediately","The product did not work as advertised and I have already spent hours troubleshooting, I want a refund.",Refund request,High,Email
291,Need clarification on billing cycle,"There is a charge on my card from your company that I do not recognize, can you explain what it is for.",Billing inquiry,High,Social media
292,Mobile app stuck on loading screen,"I cannot connect to your server from my office network, but it works fine on my home wifi.",Technical issue,Medium,Email
293,"Product did not work as advertised, want refund",I would like to request a full refund for last month's charge because I did not use the service at all.,Refund request,Medium,Email
294,"Product did not work as advertised, want refund","The product did not work as advertised and I have already spent hours troubleshooting, I want a refund.",Refund request,Low,Social media
295,Subscription renewed at wrong price,"Can you clarify exactly when my billing cycle starts and ends each month, the dates seem inconsistent.",Billing inquiry,Medium,Email
296,App keeps crashing on launch,"The software freezes at 80 percent every time I try to export a large file, I have to force close it.",Technical issue,Medium,Chat
297,Comparing plan tiers,I'm considering upgrading my plan and wanted to know what additional features come with the higher tier.,Product inquiry,Medium,Chat
298,Requesting a refund for last month,I would like to request a full refund for last month's charge because I did not use the service at all.,Refund request,Medium,Social media
299,Unable to log into my account,"Our Zapier integration stopped passing data through after your latest release, nothing shows up on the other end.",Technical issue,High,Email
300,Does this support multiple users,"Does your product support multiple user seats under one account, and how is pricing calculated for that.",Product inquiry,Low,Email
301,Asking about enterprise features,"Does your product support multiple user seats under one account, and how is pricing calculated for that.",Product inquiry,Medium,Chat
302,Cannot connect to the server,I keep getting a server error when I try to log in with my correct credentials. I have tried resetting my password twice.,Technical issue,Critical,Email
303,Cancelling due to lack of use,"I would like to cancel my subscription effective immediately, please confirm once this is done.",Cancellation request,Medium,Phone
304,Requesting a refund for last month,"I accidentally purchased the annual plan instead of monthly, please refund the difference right away.",Refund request,High,Phone
305,Subscription renewed at wrong price,"My subscription renewed at a higher price than what I originally signed up for, please explain the increase.",Billing inquiry,Medium,Phone
306,Charged twice for the same subscription,"There is a charge on my card from your company that I do not recognize, can you explain what it is for.",Billing inquiry,Medium,Chat
307,Cancelling due to lack of use,"Can you walk me through how to cancel my current plan, I cannot find the option in settings.",Cancellation request,High,Email
308,Want to cancel my subscription,"Please cancel my account and stop any future billing, I no longer need the service.",Cancellation request,Low,Chat
309,Cannot connect to the server,"The software freezes at 80 percent every time I try to export a large file, I have to force close it.",Technical issue,High,Social media
310,Requesting a refund for last month,"The product did not work as advertised and I have already spent hours troubleshooting, I want a refund.",Refund request,Medium,Email
311,Refund needed for accidental purchase,I would like to request a full refund for last month's charge because I did not use the service at all.,Refund request,High,Social media
312,Cancelling due to lack of use,"I am cancelling because I have not used the product in months, please process this and confirm.",Cancellation request,Low,Chat
313,Cancelling due to lack of use,"Please cancel my account and stop any future billing, I no longer need the service.",Cancellation request,High,Phone
314,Mobile app stuck on loading screen,I keep getting a server error when I try to log in with my correct credentials. I have tried resetting my password twice.,Technical issue,Medium,Chat
315,Asking about enterprise features,"I'm evaluating your enterprise features for my team, could you share more details on SSO support.",Product inquiry,Low,Phone
316,Refund needed for accidental purchase,"I was charged twice for the same order, please refund the duplicate charge as soon as possible.",Refund request,High,Social media
317,Subscription renewed at wrong price,"Can you clarify exactly when my billing cycle starts and ends each month, the dates seem inconsistent.",Billing inquiry,Medium,Email
318,"Duplicate charge, please refund immediately","I accidentally purchased the annual plan instead of monthly, please refund the difference right away.",Refund request,High,Email
319,Mobile app stuck on loading screen,"I cannot connect to your server from my office network, but it works fine on my home wifi.",Technical issue,High,Chat
320,Website is throwing a 500 error,"Our Zapier integration stopped passing data through after your latest release, nothing shows up on the other end.",Technical issue,Low,Email
321,Subscription renewed at wrong price,"There is a charge on my card from your company that I do not recognize, can you explain what it is for.",Billing inquiry,Medium,Email
322,Does this support multiple users,"Could you help me compare the mid and top tier plans, I am not sure which fits our team size.",Product inquiry,High,Phone
323,Want to cancel my subscription,"Can you walk me through how to cancel my current plan, I cannot find the option in settings.",Cancellation request,Medium,Social media
324,Refund needed for accidental purchase,"The product did not work as advertised and I have already spent hours troubleshooting, I want a refund.",Refund request,Critical,Email
325,Need clarification on billing cycle,The total on my invoice this month is higher than my usual plan price and I am not sure why.,Billing inquiry,Medium,Email
326,Refund needed for accidental purchase,"I was charged twice for the same order, please refund the duplicate charge as soon as possible.",Refund request,Medium,Phone
327,How do I cancel my plan,"I would like to cancel my subscription effective immediately, please confirm once this is done.",Cancellation request,Low,Email
328,How do I cancel my plan,"I am cancelling because I have not used the product in months, please process this and confirm.",Cancellation request,Critical,Phone
329,Requesting a refund for last month,"I accidentally purchased the annual plan instead of monthly, please refund the difference right away.",Refund request,Critical,Chat
330,Unexpected charge on my card,The total on my invoice this month is higher than my usual plan price and I am not sure why.,Billing inquiry,Medium,Chat
331,Question about my last invoice,"Can you clarify exactly when my billing cycle starts and ends each month, the dates seem inconsistent.",Billing inquiry,Low,Phone
332,How do I cancel my plan,"I would like to cancel my subscription effective immediately, please confirm once this is done.",Cancellation request,Low,Social media
333,Cancelling due to lack of use,"I am cancelling because I have not used the product in months, please process this and confirm.",Cancellation request,High,Email
334,Unexpected charge on my card,"My subscription renewed at a higher price than what I originally signed up for, please explain the increase.",Billing inquiry,Low,Social media
335,Asking about enterprise features,"Does your product support multiple user seats under one account, and how is pricing calculated for that.",Product inquiry,High,Chat
336,Need clarification on billing cycle,The total on my invoice this month is higher than my usual plan price and I am not sure why.,Billing inquiry,High,Email
337,Website is throwing a 500 error,"The software freezes at 80 percent every time I try to export a large file, I have to force close it.",Technical issue,Medium,Phone
338,Unexpected charge on my card,The total on my invoice this month is higher than my usual plan price and I am not sure why.,Billing inquiry,High,Email
339,"Product did not work as advertised, want refund","I accidentally purchased the annual plan instead of monthly, please refund the difference right away.",Refund request,Medium,Phone
340,Question about upgrading my plan,"Does your product support multiple user seats under one account, and how is pricing calculated for that.",Product inquiry,Medium,Chat
341,Subscription renewed at wrong price,The total on my invoice this month is higher than my usual plan price and I am not sure why.,Billing inquiry,High,Phone
342,Question about upgrading my plan,I'm considering upgrading my plan and wanted to know what additional features come with the higher tier.,Product inquiry,Low,Phone
343,Invoice total does not match plan price,"Can you clarify exactly when my billing cycle starts and ends each month, the dates seem inconsistent.",Billing inquiry,Medium,Email
344,Please cancel my account,"Please cancel my account and stop any future billing, I no longer need the service.",Cancellation request,Medium,Social media
345,"Duplicate charge, please refund immediately",I would like to request a full refund for last month's charge because I did not use the service at all.,Refund request,High,Chat
346,Cancelling due to lack of use,"I am cancelling because I have not used the product in months, please process this and confirm.",Cancellation request,Medium,Phone
347,Does this support multiple users,"I'm evaluating your enterprise features for my team, could you share more details on SSO support.",Product inquiry,High,Phone
348,"Duplicate charge, please refund immediately","The product did not work as advertised and I have already spent hours troubleshooting, I want a refund.",Refund request,High,Email
349,"Product did not work as advertised, want refund","I was charged twice for the same order, please refund the duplicate charge as soon as possible.",Refund request,Medium,Social media
350,Question about my last invoice,"My card was charged twice for the same monthly subscription, I would like to understand why and get this corrected.",Billing inquiry,Low,Social media
351,Comparing plan tiers,"Does your product support multiple user seats under one account, and how is pricing calculated for that.",Product inquiry,High,Chat
352,Refund needed for accidental purchase,"The product did not work as advertised and I have already spent hours troubleshooting, I want a refund.",Refund request,High,Social media
353,Comparing plan tiers,"Could you help me compare the mid and top tier plans, I am not sure which fits our team size.",Product inquiry,High,Social media
354,Unable to log into my account,The mobile app is stuck on the loading screen and never gets past it no matter how many times I restart it.,Technical issue,High,Chat
355,Invoice total does not match plan price,"There is a charge on my card from your company that I do not recognize, can you explain what it is for.",Billing inquiry,Low,Phone
356,Cancelling due to lack of use,"Please cancel my account and stop any future billing, I no longer need the service.",Cancellation request,Medium,Email
357,How do I cancel my plan,"Please cancel my account and stop any future billing, I no longer need the service.",Cancellation request,Medium,Social media
358,Requesting a refund for last month,"I was charged twice for the same order, please refund the duplicate charge as soon as possible.",Refund request,Low,Chat
359,Refund needed for accidental purchase,I would like to request a full refund for last month's charge because I did not use the service at all.,Refund request,Medium,Social media
360,Asking about enterprise features,I'm considering upgrading my plan and wanted to know what additional features come with the higher tier.,Product inquiry,Low,Email
361,Please cancel my account,"Please cancel my account and stop any future billing, I no longer need the service.",Cancellation request,Medium,Phone
362,Question about my last invoice,The total on my invoice this month is higher than my usual plan price and I am not sure why.,Billing inquiry,Medium,Email
363,App keeps crashing on launch,The dashboard fails to load and shows a 500 internal server error whenever I try to view my reports.,Technical issue,High,Social media
364,Comparing plan tiers,"Does your product support multiple user seats under one account, and how is pricing calculated for that.",Product inquiry,Medium,Chat
365,Refund needed for accidental purchase,"The product did not work as advertised and I have already spent hours troubleshooting, I want a refund.",Refund request,Medium,Phone
366,Asking about enterprise features,"Could you help me compare the mid and top tier plans, I am not sure which fits our team size.",Product inquiry,Medium,Phone
367,Want to cancel my subscription,"Please cancel my account and stop any future billing, I no longer need the service.",Cancellation request,Low,Email
368,Please cancel my account,"I would like to cancel my subscription effective immediately, please confirm once this is done.",Cancellation request,Medium,Phone
369,Does this support multiple users,I'm considering upgrading my plan and wanted to know what additional features come with the higher tier.,Product inquiry,Medium,Chat
370,Comparing plan tiers,"Does your product support multiple user seats under one account, and how is pricing calculated for that.",Product inquiry,Medium,Chat
371,Unable to log into my account,"The sync between my desktop and mobile app stopped working two days ago, my data is not updating.",Technical issue,Low,Phone
372,How do I cancel my plan,"I am cancelling because I have not used the product in months, please process this and confirm.",Cancellation request,Medium,Social media
373,Comparing plan tiers,I'm considering upgrading my plan and wanted to know what additional features come with the higher tier.,Product inquiry,Medium,Chat
374,Asking about enterprise features,"Could you help me compare the mid and top tier plans, I am not sure which fits our team size.",Product inquiry,Low,Phone
375,Need clarification on billing cycle,The total on my invoice this month is higher than my usual plan price and I am not sure why.,Billing inquiry,Medium,Phone
376,"Duplicate charge, please refund immediately","The product did not work as advertised and I have already spent hours troubleshooting, I want a refund.",Refund request,Critical,Phone
377,Asking about enterprise features,"Does your product support multiple user seats under one account, and how is pricing calculated for that.",Product inquiry,High,Phone
378,"Product did not work as advertised, want refund","I was charged twice for the same order, please refund the duplicate charge as soon as possible.",Refund request,Medium,Phone
379,Asking about enterprise features,"I'm evaluating your enterprise features for my team, could you share more details on SSO support.",Product inquiry,Low,Social media
380,Please cancel my account,"Can you walk me through how to cancel my current plan, I cannot find the option in settings.",Cancellation request,Low,Phone
381,Cannot connect to the server,"Our Zapier integration stopped passing data through after your latest release, nothing shows up on the other end.",Technical issue,High,Social media
382,Question about my last invoice,The total on my invoice this month is higher than my usual plan price and I am not sure why.,Billing inquiry,Medium,Phone
383,Charged twice for the same subscription,The total on my invoice this month is higher than my usual plan price and I am not sure why.,Billing inquiry,High,Chat
384,Charged twice for the same subscription,"My subscription renewed at a higher price than what I originally signed up for, please explain the increase.",Billing inquiry,High,Chat
385,Charged twice for the same subscription,"My card was charged twice for the same monthly subscription, I would like to understand why and get this corrected.",Billing inquiry,Medium,Social media
386,Website is throwing a 500 error,"Every time I open the app it crashes immediately, even after reinstalling. This started after the last update.",Technical issue,Critical,Chat
387,Cancelling due to lack of use,"I am cancelling because I have not used the product in months, please process this and confirm.",Cancellation request,Medium,Phone
388,Refund needed for accidental purchase,I would like to request a full refund for last month's charge because I did not use the service at all.,Refund request,Critical,Email
389,Does this support multiple users,I'm considering upgrading my plan and wanted to know what additional features come with the higher tier.,Product inquiry,High,Chat
390,How do I cancel my plan,"I would like to cancel my subscription effective immediately, please confirm once this is done.",Cancellation request,Critical,Social media
391,How do I cancel my plan,"Please cancel my account and stop any future billing, I no longer need the service.",Cancellation request,High,Email
392,Requesting a refund for last month,"I accidentally purchased the annual plan instead of monthly, please refund the difference right away.",Refund request,Medium,Social media
393,Invoice total does not match plan price,"Can you clarify exactly when my billing cycle starts and ends each month, the dates seem inconsistent.",Billing inquiry,Medium,Email
394,"Product did not work as advertised, want refund","I was charged twice for the same order, please refund the duplicate charge as soon as possible.",Refund request,High,Chat
395,Cannot connect to the server,"The software freezes at 80 percent every time I try to export a large file, I have to force close it.",Technical issue,High,Chat
396,Invoice total does not match plan price,"My subscription renewed at a higher price than what I originally signed up for, please explain the increase.",Billing inquiry,High,Social media
397,Asking about enterprise features,I'm considering upgrading my plan and wanted to know what additional features come with the higher tier.,Product inquiry,Low,Email
398,Question about my last invoice,"Can you clarify exactly when my billing cycle starts and ends each month, the dates seem inconsistent.",Billing inquiry,Medium,Chat
399,Software freezes during export,The mobile app is stuck on the loading screen and never gets past it no matter how many times I restart it.,Technical issue,Medium,Phone
400,Refund needed for accidental purchase,I would like to request a full refund for last month's charge because I did not use the service at all.,Refund request,Medium,Phone
401,Charged twice for the same subscription,"My subscription renewed at a higher price than what I originally signed up for, please explain the increase.",Billing inquiry,Low,Phone
402,Need clarification on billing cycle,"My subscription renewed at a higher price than what I originally signed up for, please explain the increase.",Billing inquiry,Medium,Phone
403,Software freezes during export,"I cannot connect to your server from my office network, but it works fine on my home wifi.",Technical issue,High,Chat
404,Need clarification on billing cycle,"I have a question about a line item on my latest invoice, it doesn't match what I was quoted at signup.",Billing inquiry,Medium,Phone
405,Cancelling due to lack of use,"Can you walk me through how to cancel my current plan, I cannot find the option in settings.",Cancellation request,High,Email
406,Comparing plan tiers,"I'm evaluating your enterprise features for my team, could you share more details on SSO support.",Product inquiry,Low,Email
407,Sync feature not working,The dashboard fails to load and shows a 500 internal server error whenever I try to view my reports.,Technical issue,Medium,Social media
408,Sync feature not working,"Our Zapier integration stopped passing data through after your latest release, nothing shows up on the other end.",Technical issue,Low,Social media
409,Integration with third-party tool broken,The dashboard fails to load and shows a 500 internal server error whenever I try to view my reports.,Technical issue,High,Social media
410,Question about upgrading my plan,"Could you help me compare the mid and top tier plans, I am not sure which fits our team size.",Product inquiry,Medium,Phone
411,Mobile app stuck on loading screen,"The software freezes at 80 percent every time I try to export a large file, I have to force close it.",Technical issue,High,Chat
412,Question about upgrading my plan,I'm considering upgrading my plan and wanted to know what additional features come with the higher tier.,Product inquiry,Low,Email
413,Question about upgrading my plan,I'm considering upgrading my plan and wanted to know what additional features come with the higher tier.,Product inquiry,Critical,Social media
414,Software freezes during export,The mobile app is stuck on the loading screen and never gets past it no matter how many times I restart it.,Technical issue,Medium,Chat
415,Please cancel my account,"I am cancelling because I have not used the product in months, please process this and confirm.",Cancellation request,Medium,Social media
416,Want to cancel my subscription,"Can you walk me through how to cancel my current plan, I cannot find the option in settings.",Cancellation request,Medium,Phone
417,Website is throwing a 500 error,The mobile app is stuck on the loading screen and never gets past it no matter how many times I restart it.,Technical issue,High,Chat
418,App keeps crashing on launch,"The software freezes at 80 percent every time I try to export a large file, I have to force close it.",Technical issue,Medium,Social media
419,Comparing plan tiers,"Does your product support multiple user seats under one account, and how is pricing calculated for that.",Product inquiry,Low,Phone
420,Unexpected charge on my card,"I have a question about a line item on my latest invoice, it doesn't match what I was quoted at signup.",Billing inquiry,High,Email
421,Mobile app stuck on loading screen,"Every time I open the app it crashes immediately, even after reinstalling. This started after the last update.",Technical issue,Medium,Email
422,App keeps crashing on launch,"Our Zapier integration stopped passing data through after your latest release, nothing shows up on the other end.",Technical issue,High,Email
423,Subscription renewed at wrong price,"My card was charged twice for the same monthly subscription, I would like to understand why and get this corrected.",Billing inquiry,Medium,Chat
424,Does this support multiple users,I'm considering upgrading my plan and wanted to know what additional features come with the higher tier.,Product inquiry,Low,Phone
425,Subscription renewed at wrong price,The total on my invoice this month is higher than my usual plan price and I am not sure why.,Billing inquiry,Medium,Phone
426,Unexpected charge on my card,"I have a question about a line item on my latest invoice, it doesn't match what I was quoted at signup.",Billing inquiry,Critical,Chat
427,Please cancel my account,"Please cancel my account and stop any future billing, I no longer need the service.",Cancellation request,Low,Chat
428,Cancelling due to lack of use,"I would like to cancel my subscription effective immediately, please confirm once this is done.",Cancellation request,Critical,Social media
429,Asking about enterprise features,"Could you help me compare the mid and top tier plans, I am not sure which fits our team size.",Product inquiry,Low,Phone
430,How do I cancel my plan,"I am cancelling because I have not used the product in months, please process this and confirm.",Cancellation request,Low,Chat
431,"Product did not work as advertised, want refund","I was charged twice for the same order, please refund the duplicate charge as soon as possible.",Refund request,Critical,Social media
432,How do I cancel my plan,"I am cancelling because I have not used the product in months, please process this and confirm.",Cancellation request,Low,Chat
433,Requesting a refund for last month,"I was charged twice for the same order, please refund the duplicate charge as soon as possible.",Refund request,High,Email
434,Does this support multiple users,I'm considering upgrading my plan and wanted to know what additional features come with the higher tier.,Product inquiry,Low,Email
435,Sync feature not working,"The sync between my desktop and mobile app stopped working two days ago, my data is not updating.",Technical issue,Medium,Phone
436,Requesting a refund for last month,"The product did not work as advertised and I have already spent hours troubleshooting, I want a refund.",Refund request,Critical,Email
437,How do I cancel my plan,"Can you walk me through how to cancel my current plan, I cannot find the option in settings.",Cancellation request,Medium,Chat
438,Asking about enterprise features,"I'm evaluating your enterprise features for my team, could you share more details on SSO support.",Product inquiry,Low,Phone
439,Refund needed for accidental purchase,"I accidentally purchased the annual plan instead of monthly, please refund the difference right away.",Refund request,High,Social media
440,Want to cancel my subscription,"I am cancelling because I have not used the product in months, please process this and confirm.",Cancellation request,High,Phone
441,Unexpected charge on my card,"There is a charge on my card from your company that I do not recognize, can you explain what it is for.",Billing inquiry,Medium,Chat
442,Charged twice for the same subscription,"There is a charge on my card from your company that I do not recognize, can you explain what it is for.",Billing inquiry,Medium,Social media
443,"Product did not work as advertised, want refund","The product did not work as advertised and I have already spent hours troubleshooting, I want a refund.",Refund request,Medium,Social media
444,Does this support multiple users,"Could you help me compare the mid and top tier plans, I am not sure which fits our team size.",Product inquiry,Medium,Phone
445,"Duplicate charge, please refund immediately","I was charged twice for the same order, please refund the duplicate charge as soon as possible.",Refund request,High,Phone
446,Question about my last invoice,"My subscription renewed at a higher price than what I originally signed up for, please explain the increase.",Billing inquiry,Medium,Chat
447,Question about upgrading my plan,I'm considering upgrading my plan and wanted to know what additional features come with the higher tier.,Product inquiry,Medium,Email
448,App keeps crashing on launch,The mobile app is stuck on the loading screen and never gets past it no matter how many times I restart it.,Technical issue,Low,Chat
449,Website is throwing a 500 error,"Every time I open the app it crashes immediately, even after reinstalling. This started after the last update.",Technical issue,Medium,Social media
450,Requesting a refund for last month,"I was charged twice for the same order, please refund the duplicate charge as soon as possible.",Refund request,High,Email
451,Mobile app stuck on loading screen,"Every time I open the app it crashes immediately, even after reinstalling. This started after the last update.",Technical issue,Low,Phone
452,Asking about enterprise features,I'm considering upgrading my plan and wanted to know what additional features come with the higher tier.,Product inquiry,Low,Social media
453,Charged twice for the same subscription,"My card was charged twice for the same monthly subscription, I would like to understand why and get this corrected.",Billing inquiry,Medium,Chat
454,Invoice total does not match plan price,The total on my invoice this month is higher than my usual plan price and I am not sure why.,Billing inquiry,Medium,Phone
455,"Duplicate charge, please refund immediately",I would like to request a full refund for last month's charge because I did not use the service at all.,Refund request,Medium,Social media
456,How do I cancel my plan,"Can you walk me through how to cancel my current plan, I cannot find the option in settings.",Cancellation request,Low,Email
457,Unable to log into my account,The mobile app is stuck on the loading screen and never gets past it no matter how many times I restart it.,Technical issue,Medium,Social media
458,App keeps crashing on launch,The dashboard fails to load and shows a 500 internal server error whenever I try to view my reports.,Technical issue,Low,Social media
459,Requesting a refund for last month,I would like to request a full refund for last month's charge because I did not use the service at all.,Refund request,Medium,Social media
460,Requesting a refund for last month,I would like to request a full refund for last month's charge because I did not use the service at all.,Refund request,High,Phone
461,Question about upgrading my plan,"Does your product support multiple user seats under one account, and how is pricing calculated for that.",Product inquiry,High,Phone
462,Sync feature not working,The dashboard fails to load and shows a 500 internal server error whenever I try to view my reports.,Technical issue,High,Social media
463,Software freezes during export,The dashboard fails to load and shows a 500 internal server error whenever I try to view my reports.,Technical issue,High,Social media
464,Asking about enterprise features,"Could you help me compare the mid and top tier plans, I am not sure which fits our team size.",Product inquiry,Medium,Chat
465,Cannot connect to the server,"Every time I open the app it crashes immediately, even after reinstalling. This started after the last update.",Technical issue,Low,Chat
466,Cannot connect to the server,The mobile app is stuck on the loading screen and never gets past it no matter how many times I restart it.,Technical issue,Critical,Phone
467,Software freezes during export,"Our Zapier integration stopped passing data through after your latest release, nothing shows up on the other end.",Technical issue,Medium,Phone
468,Comparing plan tiers,"Could you help me compare the mid and top tier plans, I am not sure which fits our team size.",Product inquiry,Low,Social media
469,Software freezes during export,"The sync between my desktop and mobile app stopped working two days ago, my data is not updating.",Technical issue,High,Email
470,"Product did not work as advertised, want refund","I was charged twice for the same order, please refund the duplicate charge as soon as possible.",Refund request,High,Chat
471,Please cancel my account,"Please cancel my account and stop any future billing, I no longer need the service.",Cancellation request,Low,Email
472,"Duplicate charge, please refund immediately","I accidentally purchased the annual plan instead of monthly, please refund the difference right away.",Refund request,High,Email
473,Charged twice for the same subscription,"I have a question about a line item on my latest invoice, it doesn't match what I was quoted at signup.",Billing inquiry,Medium,Social media
474,App keeps crashing on launch,I keep getting a server error when I try to log in with my correct credentials. I have tried resetting my password twice.,Technical issue,Medium,Email
475,Asking about enterprise features,"Could you help me compare the mid and top tier plans, I am not sure which fits our team size.",Product inquiry,Low,Social media
476,Want to cancel my subscription,"Can you walk me through how to cancel my current plan, I cannot find the option in settings.",Cancellation request,Medium,Chat
477,How do I cancel my plan,"Can you walk me through how to cancel my current plan, I cannot find the option in settings.",Cancellation request,Low,Phone
478,How do I cancel my plan,"I would like to cancel my subscription effective immediately, please confirm once this is done.",Cancellation request,Low,Phone
479,Please cancel my account,"I am cancelling because I have not used the product in months, please process this and confirm.",Cancellation request,High,Phone
480,"Product did not work as advertised, want refund","I was charged twice for the same order, please refund the duplicate charge as soon as possible.",Refund request,High,Chat
481,Want to cancel my subscription,"Can you walk me through how to cancel my current plan, I cannot find the option in settings.",Cancellation request,Low,Social media
482,"Duplicate charge, please refund immediately","I accidentally purchased the annual plan instead of monthly, please refund the difference right away.",Refund request,High,Social media
483,Does this support multiple users,"I'm evaluating your enterprise features for my team, could you share more details on SSO support.",Product inquiry,Low,Chat
484,Please cancel my account,"Can you walk me through how to cancel my current plan, I cannot find the option in settings.",Cancellation request,Critical,Phone
485,"Duplicate charge, please refund immediately","The product did not work as advertised and I have already spent hours troubleshooting, I want a refund.",Refund request,Medium,Phone
486,Please cancel my account,"I would like to cancel my subscription effective immediately, please confirm once this is done.",Cancellation request,High,Chat
487,Does this support multiple users,I'm considering upgrading my plan and wanted to know what additional features come with the higher tier.,Product inquiry,High,Social media
488,Need clarification on billing cycle,"There is a charge on my card from your company that I do not recognize, can you explain what it is for.",Billing inquiry,High,Email
489,Cancelling due to lack of use,"Can you walk me through how to cancel my current plan, I cannot find the option in settings.",Cancellation request,Medium,Chat
490,"Product did not work as advertised, want refund","I was charged twice for the same order, please refund the duplicate charge as soon as possible.",Refund request,High,Email
491,Cancelling due to lack of use,"I am cancelling because I have not used the product in months, please process this and confirm.",Cancellation request,Medium,Social media
492,Question about upgrading my plan,"I'm evaluating your enterprise features for my team, could you share more details on SSO support.",Product inquiry,Medium,Email
493,Sync feature not working,"I cannot connect to your server from my office network, but it works fine on my home wifi.",Technical issue,Medium,Email
494,Comparing plan tiers,"I'm evaluating your enterprise features for my team, could you share more details on SSO support.",Product inquiry,High,Social media
495,App keeps crashing on launch,I keep getting a server error when I try to log in with my correct credentials. I have tried resetting my password twice.,Technical issue,Medium,Chat
496,Please cancel my account,"I am cancelling because I have not used the product in months, please process this and confirm.",Cancellation request,Medium,Chat
497,Requesting a refund for last month,"I was charged twice for the same order, please refund the duplicate charge as soon as possible.",Refund request,Medium,Social media
498,Unable to log into my account,The dashboard fails to load and shows a 500 internal server error whenever I try to view my reports.,Technical issue,Medium,Phone
499,How do I cancel my plan,"I am cancelling because I have not used the product in months, please process this and confirm.",Cancellation request,Low,Email
500,Cancelling due to lack of use,"Please cancel my account and stop any future billing, I no longer need the service.",Cancellation request,Low,Email
501,App keeps crashing on launch,"I cannot connect to your server from my office network, but it works fine on my home wifi.",Technical issue,High,Chat
502,Invoice total does not match plan price,"I have a question about a line item on my latest invoice, it doesn't match what I was quoted at signup.",Billing inquiry,Medium,Phone
503,Comparing plan tiers,"Could you help me compare the mid and top tier plans, I am not sure which fits our team size.",Product inquiry,Low,Social media
504,Question about my last invoice,"My subscription renewed at a higher price than what I originally signed up for, please explain the increase.",Billing inquiry,High,Social media
505,Sync feature not working,"Our Zapier integration stopped passing data through after your latest release, nothing shows up on the other end.",Technical issue,High,Social media
506,Sync feature not working,"The sync between my desktop and mobile app stopped working two days ago, my data is not updating.",Technical issue,Medium,Email
507,Question about upgrading my plan,"Does your product support multiple user seats under one account, and how is pricing calculated for that.",Product inquiry,Low,Chat
508,Want to cancel my subscription,"Please cancel my account and stop any future billing, I no longer need the service.",Cancellation request,Medium,Social media
509,Asking about enterprise features,"Could you help me compare the mid and top tier plans, I am not sure which fits our team size.",Product inquiry,Medium,Email
510,Refund needed for accidental purchase,"I was charged twice for the same order, please refund the duplicate charge as soon as possible.",Refund request,High,Phone
511,Question about upgrading my plan,"Does your product support multiple user seats under one account, and how is pricing calculated for that.",Product inquiry,Low,Chat
512,Requesting a refund for last month,"The product did not work as advertised and I have already spent hours troubleshooting, I want a refund.",Refund request,Medium,Chat
513,Comparing plan tiers,"Could you help me compare the mid and top tier plans, I am not sure which fits our team size.",Product inquiry,Medium,Social media
514,How do I cancel my plan,"I am cancelling because I have not used the product in months, please process this and confirm.",Cancellation request,Medium,Chat
515,Does this support multiple users,"Could you help me compare the mid and top tier plans, I am not sure which fits our team size.",Product inquiry,Low,Chat
516,"Duplicate charge, please refund immediately",I would like to request a full refund for last month's charge because I did not use the service at all.,Refund request,Critical,Email
517,How do I cancel my plan,"Can you walk me through how to cancel my current plan, I cannot find the option in settings.",Cancellation request,High,Social media
518,Cancelling due to lack of use,"I am cancelling because I have not used the product in months, please process this and confirm.",Cancellation request,Medium,Social media
519,How do I cancel my plan,"I would like to cancel my subscription effective immediately, please confirm once this is done.",Cancellation request,Medium,Chat
520,Requesting a refund for last month,"I accidentally purchased the annual plan instead of monthly, please refund the difference right away.",Refund request,Medium,Phone
521,Need clarification on billing cycle,The total on my invoice this month is higher than my usual plan price and I am not sure why.,Billing inquiry,High,Social media
522,Question about upgrading my plan,I'm considering upgrading my plan and wanted to know what additional features come with the higher tier.,Product inquiry,Low,Phone
523,Question about upgrading my plan,"Could you help me compare the mid and top tier plans, I am not sure which fits our team size.",Product inquiry,Low,Social media
524,Sync feature not working,"The software freezes at 80 percent every time I try to export a large file, I have to force close it.",Technical issue,Critical,Email
525,Please cancel my account,"Please cancel my account and stop any future billing, I no longer need the service.",Cancellation request,High,Email
526,Want to cancel my subscription,"Can you walk me through how to cancel my current plan, I cannot find the option in settings.",Cancellation request,Low,Phone
527,Comparing plan tiers,"Does your product support multiple user seats under one account, and how is pricing calculated for that.",Product inquiry,Medium,Chat
528,Charged twice for the same subscription,The total on my invoice this month is higher than my usual plan price and I am not sure why.,Billing inquiry,Medium,Phone
529,Does this support multiple users,"I'm evaluating your enterprise features for my team, could you share more details on SSO support.",Product inquiry,High,Phone
530,Refund needed for accidental purchase,I would like to request a full refund for last month's charge because I did not use the service at all.,Refund request,Medium,Social media
531,Software freezes during export,The dashboard fails to load and shows a 500 internal server error whenever I try to view my reports.,Technical issue,High,Chat
532,Question about my last invoice,"My subscription renewed at a higher price than what I originally signed up for, please explain the increase.",Billing inquiry,Medium,Chat
533,Cancelling due to lack of use,"Can you walk me through how to cancel my current plan, I cannot find the option in settings.",Cancellation request,Medium,Phone
534,Cancelling due to lack of use,"I am cancelling because I have not used the product in months, please process this and confirm.",Cancellation request,Low,Email
535,Please cancel my account,"Please cancel my account and stop any future billing, I no longer need the service.",Cancellation request,Medium,Social media
536,Requesting a refund for last month,I would like to request a full refund for last month's charge because I did not use the service at all.,Refund request,High,Social media
537,Requesting a refund for last month,"I was charged twice for the same order, please refund the duplicate charge as soon as possible.",Refund request,Medium,Social media
538,Need clarification on billing cycle,"There is a charge on my card from your company that I do not recognize, can you explain what it is for.",Billing inquiry,Medium,Phone
539,"Product did not work as advertised, want refund","I was charged twice for the same order, please refund the duplicate charge as soon as possible.",Refund request,High,Email
540,Unable to log into my account,"Our Zapier integration stopped passing data through after your latest release, nothing shows up on the other end.",Technical issue,Low,Chat
541,Cancelling due to lack of use,"I would like to cancel my subscription effective immediately, please confirm once this is done.",Cancellation request,Critical,Social media
542,Subscription renewed at wrong price,"I have a question about a line item on my latest invoice, it doesn't match what I was quoted at signup.",Billing inquiry,High,Phone
543,Unexpected charge on my card,"My card was charged twice for the same monthly subscription, I would like to understand why and get this corrected.",Billing inquiry,High,Phone
544,Cannot connect to the server,The dashboard fails to load and shows a 500 internal server error whenever I try to view my reports.,Technical issue,Low,Phone
545,Need clarification on billing cycle,"My subscription renewed at a higher price than what I originally signed up for, please explain the increase.",Billing inquiry,Low,Email
546,Sync feature not working,"Our Zapier integration stopped passing data through after your latest release, nothing shows up on the other end.",Technical issue,Low,Chat
547,Comparing plan tiers,I'm considering upgrading my plan and wanted to know what additional features come with the higher tier.,Product inquiry,Low,Phone
548,Mobile app stuck on loading screen,The dashboard fails to load and shows a 500 internal server error whenever I try to view my reports.,Technical issue,Medium,Chat
549,Want to cancel my subscription,"I would like to cancel my subscription effective immediately, please confirm once this is done.",Cancellation request,Low,Phone
550,"Product did not work as advertised, want refund","I was charged twice for the same order, please refund the duplicate charge as soon as possible.",Refund request,High,Chat
551,Charged twice for the same subscription,The total on my invoice this month is higher than my usual plan price and I am not sure why.,Billing inquiry,Medium,Chat
552,Please cancel my account,"Can you walk me through how to cancel my current plan, I cannot find the option in settings.",Cancellation request,Medium,Chat
553,Cancelling due to lack of use,"Can you walk me through how to cancel my current plan, I cannot find the option in settings.",Cancellation request,Low,Email
554,Charged twice for the same subscription,The total on my invoice this month is higher than my usual plan price and I am not sure why.,Billing inquiry,High,Phone
555,Please cancel my account,"Can you walk me through how to cancel my current plan, I cannot find the option in settings.",Cancellation request,Low,Email
556,Invoice total does not match plan price,The total on my invoice this month is higher than my usual plan price and I am not sure why.,Billing inquiry,Medium,Phone
557,Software freezes during export,"The sync between my desktop and mobile app stopped working two days ago, my data is not updating.",Technical issue,High,Chat
558,Please cancel my account,"I would like to cancel my subscription effective immediately, please confirm once this is done.",Cancellation request,High,Chat
559,Cancelling due to lack of use,"I would like to cancel my subscription effective immediately, please confirm once this is done.",Cancellation request,Low,Email
560,Question about upgrading my plan,"I'm evaluating your enterprise features for my team, could you share more details on SSO support.",Product inquiry,High,Chat
561,Cancelling due to lack of use,"Please cancel my account and stop any future billing, I no longer need the service.",Cancellation request,Medium,Chat
562,Want to cancel my subscription,"I would like to cancel my subscription effective immediately, please confirm once this is done.",Cancellation request,Medium,Email
563,"Product did not work as advertised, want refund",I would like to request a full refund for last month's charge because I did not use the service at all.,Refund request,Critical,Social media
564,Asking about enterprise features,"Could you help me compare the mid and top tier plans, I am not sure which fits our team size.",Product inquiry,Low,Social media
565,Website is throwing a 500 error,"The software freezes at 80 percent every time I try to export a large file, I have to force close it.",Technical issue,Low,Email
566,Does this support multiple users,"Does your product support multiple user seats under one account, and how is pricing calculated for that.",Product inquiry,Low,Social media
567,Question about upgrading my plan,"I'm evaluating your enterprise features for my team, could you share more details on SSO support.",Product inquiry,Medium,Chat
568,Sync feature not working,I keep getting a server error when I try to log in with my correct credentials. I have tried resetting my password twice.,Technical issue,Critical,Email
569,Want to cancel my subscription,"Please cancel my account and stop any future billing, I no longer need the service.",Cancellation request,Medium,Chat
570,App keeps crashing on launch,The dashboard fails to load and shows a 500 internal server error whenever I try to view my reports.,Technical issue,High,Chat
571,Please cancel my account,"Please cancel my account and stop any future billing, I no longer need the service.",Cancellation request,Low,Chat
572,Requesting a refund for last month,I would like to request a full refund for last month's charge because I did not use the service at all.,Refund request,Medium,Social media
573,Requesting a refund for last month,"I accidentally purchased the annual plan instead of monthly, please refund the difference right away.",Refund request,High,Email
574,Cancelling due to lack of use,"Please cancel my account and stop any future billing, I no longer need the service.",Cancellation request,Low,Chat
575,"Product did not work as advertised, want refund","I accidentally purchased the annual plan instead of monthly, please refund the difference right away.",Refund request,High,Email
576,Subscription renewed at wrong price,The total on my invoice this month is higher than my usual plan price and I am not sure why.,Billing inquiry,Low,Email
577,Charged twice for the same subscription,"Can you clarify exactly when my billing cycle starts and ends each month, the dates seem inconsistent.",Billing inquiry,Medium,Chat
578,Charged twice for the same subscription,The total on my invoice this month is higher than my usual plan price and I am not sure why.,Billing inquiry,High,Social media
579,Unexpected charge on my card,"I have a question about a line item on my latest invoice, it doesn't match what I was quoted at signup.",Billing inquiry,Medium,Phone
580,Requesting a refund for last month,"I accidentally purchased the annual plan instead of monthly, please refund the difference right away.",Refund request,Medium,Email
581,Question about my last invoice,The total on my invoice this month is higher than my usual plan price and I am not sure why.,Billing inquiry,Critical,Social media
582,Integration with third-party tool broken,"The software freezes at 80 percent every time I try to export a large file, I have to force close it.",Technical issue,High,Phone
583,Requesting a refund for last month,"I was charged twice for the same order, please refund the duplicate charge as soon as possible.",Refund request,Low,Chat
584,Refund needed for accidental purchase,"The product did not work as advertised and I have already spent hours troubleshooting, I want a refund.",Refund request,High,Social media
585,Subscription renewed at wrong price,The total on my invoice this month is higher than my usual plan price and I am not sure why.,Billing inquiry,High,Chat
586,Charged twice for the same subscription,"Can you clarify exactly when my billing cycle starts and ends each month, the dates seem inconsistent.",Billing inquiry,Low,Phone
587,Cannot connect to the server,"Every time I open the app it crashes immediately, even after reinstalling. This started after the last update.",Technical issue,High,Social media
588,Requesting a refund for last month,"The product did not work as advertised and I have already spent hours troubleshooting, I want a refund.",Refund request,High,Chat
589,Cancelling due to lack of use,"I would like to cancel my subscription effective immediately, please confirm once this is done.",Cancellation request,Critical,Chat
590,Requesting a refund for last month,I would like to request a full refund for last month's charge because I did not use the service at all.,Refund request,Critical,Social media
591,"Duplicate charge, please refund immediately",I would like to request a full refund for last month's charge because I did not use the service at all.,Refund request,High,Chat
592,Want to cancel my subscription,"I would like to cancel my subscription effective immediately, please confirm once this is done.",Cancellation request,Medium,Chat
593,Unexpected charge on my card,"There is a charge on my card from your company that I do not recognize, can you explain what it is for.",Billing inquiry,High,Social media
594,Refund needed for accidental purchase,"I was charged twice for the same order, please refund the duplicate charge as soon as possible.",Refund request,Medium,Email
595,Question about my last invoice,The total on my invoice this month is higher than my usual plan price and I am not sure why.,Billing inquiry,Low,Email
596,Need clarification on billing cycle,"Can you clarify exactly when my billing cycle starts and ends each month, the dates seem inconsistent.",Billing inquiry,Medium,Email
597,Asking about enterprise features,"Does your product support multiple user seats under one account, and how is pricing calculated for that.",Product inquiry,Low,Social media
598,Requesting a refund for last month,I would like to request a full refund for last month's charge because I did not use the service at all.,Refund request,Medium,Phone
599,Question about upgrading my plan,"Does your product support multiple user seats under one account, and how is pricing calculated for that.",Product inquiry,Medium,Phone
600,Charged twice for the same subscription,"My subscription renewed at a higher price than what I originally signed up for, please explain the increase.",Billing inquiry,Medium,Phone
601,Want to cancel my subscription,"Please cancel my account and stop any future billing, I no longer need the service.",Cancellation request,Low,Chat
602,Mobile app stuck on loading screen,"Our Zapier integration stopped passing data through after your latest release, nothing shows up on the other end.",Technical issue,High,Chat
603,Integration with third-party tool broken,I keep getting a server error when I try to log in with my correct credentials. I have tried resetting my password twice.,Technical issue,High,Chat
604,App keeps crashing on launch,"Every time I open the app it crashes immediately, even after reinstalling. This started after the last update.",Technical issue,High,Chat
605,Question about my last invoice,"Can you clarify exactly when my billing cycle starts and ends each month, the dates seem inconsistent.",Billing inquiry,Medium,Email
606,Asking about enterprise features,I'm considering upgrading my plan and wanted to know what additional features come with the higher tier.,Product inquiry,Low,Email
607,Subscription renewed at wrong price,"Can you clarify exactly when my billing cycle starts and ends each month, the dates seem inconsistent.",Billing inquiry,High,Email
608,Requesting a refund for last month,I would like to request a full refund for last month's charge because I did not use the service at all.,Refund request,Critical,Email
609,Invoice total does not match plan price,"Can you clarify exactly when my billing cycle starts and ends each month, the dates seem inconsistent.",Billing inquiry,High,Social media
610,Want to cancel my subscription,"I am cancelling because I have not used the product in months, please process this and confirm.",Cancellation request,Medium,Chat
611,"Product did not work as advertised, want refund","The product did not work as advertised and I have already spent hours troubleshooting, I want a refund.",Refund request,Medium,Social media
612,Charged twice for the same subscription,The total on my invoice this month is higher than my usual plan price and I am not sure why.,Billing inquiry,Medium,Chat
613,"Duplicate charge, please refund immediately","I was charged twice for the same order, please refund the duplicate charge as soon as possible.",Refund request,Critical,Social media
614,Unable to log into my account,"The software freezes at 80 percent every time I try to export a large file, I have to force close it.",Technical issue,Medium,Social media
615,Subscription renewed at wrong price,The total on my invoice this month is higher than my usual plan price and I am not sure why.,Billing inquiry,Medium,Email
616,Please cancel my account,"I am cancelling because I have not used the product in months, please process this and confirm.",Cancellation request,Medium,Social media
617,Refund needed for accidental purchase,"I was charged twice for the same order, please refund the duplicate charge as soon as possible.",Refund request,Medium,Email
618,"Product did not work as advertised, want refund",I would like to request a full refund for last month's charge because I did not use the service at all.,Refund request,Critical,Phone
619,Integration with third-party tool broken,"I cannot connect to your server from my office network, but it works fine on my home wifi.",Technical issue,High,Chat
620,Charged twice for the same subscription,"I have a question about a line item on my latest invoice, it doesn't match what I was quoted at signup.",Billing inquiry,High,Phone
621,Question about upgrading my plan,"Does your product support multiple user seats under one account, and how is pricing calculated for that.",Product inquiry,Medium,Social media
622,"Product did not work as advertised, want refund","The product did not work as advertised and I have already spent hours troubleshooting, I want a refund.",Refund request,Medium,Phone
623,Requesting a refund for last month,"I accidentally purchased the annual plan instead of monthly, please refund the difference right away.",Refund request,Critical,Chat
624,Does this support multiple users,"Could you help me compare the mid and top tier plans, I am not sure which fits our team size.",Product inquiry,Low,Chat
625,Want to cancel my subscription,"I would like to cancel my subscription effective immediately, please confirm once this is done.",Cancellation request,Low,Chat
626,Integration with third-party tool broken,"Every time I open the app it crashes immediately, even after reinstalling. This started after the last update.",Technical issue,Medium,Chat
627,Unexpected charge on my card,"My subscription renewed at a higher price than what I originally signed up for, please explain the increase.",Billing inquiry,Low,Phone
628,App keeps crashing on launch,The dashboard fails to load and shows a 500 internal server error whenever I try to view my reports.,Technical issue,High,Chat
629,Cannot connect to the server,I keep getting a server error when I try to log in with my correct credentials. I have tried resetting my password twice.,Technical issue,Medium,Social media
630,Question about upgrading my plan,"I'm evaluating your enterprise features for my team, could you share more details on SSO support.",Product inquiry,Low,Chat
631,Subscription renewed at wrong price,"Can you clarify exactly when my billing cycle starts and ends each month, the dates seem inconsistent.",Billing inquiry,High,Social media
632,"Product did not work as advertised, want refund","I accidentally purchased the annual plan instead of monthly, please refund the difference right away.",Refund request,Medium,Chat
633,Please cancel my account,"Please cancel my account and stop any future billing, I no longer need the service.",Cancellation request,Low,Email
634,Comparing plan tiers,I'm considering upgrading my plan and wanted to know what additional features come with the higher tier.,Product inquiry,Low,Phone
635,Does this support multiple users,I'm considering upgrading my plan and wanted to know what additional features come with the higher tier.,Product inquiry,High,Chat
636,Requesting a refund for last month,"The product did not work as advertised and I have already spent hours troubleshooting, I want a refund.",Refund request,Medium,Phone
637,Subscription renewed at wrong price,"My card was charged twice for the same monthly subscription, I would like to understand why and get this corrected.",Billing inquiry,High,Phone
638,Want to cancel my subscription,"Please cancel my account and stop any future billing, I no longer need the service.",Cancellation request,Low,Email
639,Refund needed for accidental purchase,I would like to request a full refund for last month's charge because I did not use the service at all.,Refund request,High,Email
640,Cancelling due to lack of use,"I am cancelling because I have not used the product in months, please process this and confirm.",Cancellation request,Critical,Social media
641,Cancelling due to lack of use,"Please cancel my account and stop any future billing, I no longer need the service.",Cancellation request,Medium,Email
642,How do I cancel my plan,"Can you walk me through how to cancel my current plan, I cannot find the option in settings.",Cancellation request,Medium,Email
643,Requesting a refund for last month,"I accidentally purchased the annual plan instead of monthly, please refund the difference right away.",Refund request,Medium,Email
644,Cannot connect to the server,The dashboard fails to load and shows a 500 internal server error whenever I try to view my reports.,Technical issue,Critical,Chat
645,Unable to log into my account,"I cannot connect to your server from my office network, but it works fine on my home wifi.",Technical issue,High,Social media
646,Mobile app stuck on loading screen,The dashboard fails to load and shows a 500 internal server error whenever I try to view my reports.,Technical issue,High,Social media
647,Charged twice for the same subscription,"My card was charged twice for the same monthly subscription, I would like to understand why and get this corrected.",Billing inquiry,Medium,Chat
648,Please cancel my account,"Please cancel my account and stop any future billing, I no longer need the service.",Cancellation request,Low,Email
649,Mobile app stuck on loading screen,"Our Zapier integration stopped passing data through after your latest release, nothing shows up on the other end.",Technical issue,Medium,Phone
650,Mobile app stuck on loading screen,I keep getting a server error when I try to log in with my correct credentials. I have tried resetting my password twice.,Technical issue,Medium,Social media
651,Charged twice for the same subscription,"My card was charged twice for the same monthly subscription, I would like to understand why and get this corrected.",Billing inquiry,Medium,Phone
652,Integration with third-party tool broken,I keep getting a server error when I try to log in with my correct credentials. I have tried resetting my password twice.,Technical issue,Medium,Social media
653,Cancelling due to lack of use,"Please cancel my account and stop any future billing, I no longer need the service.",Cancellation request,Low,Social media
654,Unexpected charge on my card,"Can you clarify exactly when my billing cycle starts and ends each month, the dates seem inconsistent.",Billing inquiry,Medium,Social media
655,Software freezes during export,"Our Zapier integration stopped passing data through after your latest release, nothing shows up on the other end.",Technical issue,Medium,Chat
656,Requesting a refund for last month,"The product did not work as advertised and I have already spent hours troubleshooting, I want a refund.",Refund request,High,Email
657,Cannot connect to the server,The mobile app is stuck on the loading screen and never gets past it no matter how many times I restart it.,Technical issue,Critical,Chat
658,Question about upgrading my plan,"Could you help me compare the mid and top tier plans, I am not sure which fits our team size.",Product inquiry,Medium,Social media
659,Comparing plan tiers,"Does your product support multiple user seats under one account, and how is pricing calculated for that.",Product inquiry,Low,Email
660,Want to cancel my subscription,"Can you walk me through how to cancel my current plan, I cannot find the option in settings.",Cancellation request,Low,Social media
661,Question about my last invoice,"I have a question about a line item on my latest invoice, it doesn't match what I was quoted at signup.",Billing inquiry,High,Chat
662,Mobile app stuck on loading screen,I keep getting a server error when I try to log in with my correct credentials. I have tried resetting my password twice.,Technical issue,Critical,Social media
663,Subscription renewed at wrong price,"I have a question about a line item on my latest invoice, it doesn't match what I was quoted at signup.",Billing inquiry,High,Phone
664,Requesting a refund for last month,I would like to request a full refund for last month's charge because I did not use the service at all.,Refund request,Medium,Social media
665,Asking about enterprise features,"I'm evaluating your enterprise features for my team, could you share more details on SSO support.",Product inquiry,Low,Email
666,Comparing plan tiers,I'm considering upgrading my plan and wanted to know what additional features come with the higher tier.,Product inquiry,Low,Chat
667,Question about upgrading my plan,I'm considering upgrading my plan and wanted to know what additional features come with the higher tier.,Product inquiry,Medium,Email
668,Refund needed for accidental purchase,"I was charged twice for the same order, please refund the duplicate charge as soon as possible.",Refund request,Medium,Social media
669,Comparing plan tiers,I'm considering upgrading my plan and wanted to know what additional features come with the higher tier.,Product inquiry,Low,Social media
670,Invoice total does not match plan price,The total on my invoice this month is higher than my usual plan price and I am not sure why.,Billing inquiry,High,Social media
671,Mobile app stuck on loading screen,"I cannot connect to your server from my office network, but it works fine on my home wifi.",Technical issue,High,Email
672,Please cancel my account,"Please cancel my account and stop any future billing, I no longer need the service.",Cancellation request,Low,Phone
673,Refund needed for accidental purchase,"I was charged twice for the same order, please refund the duplicate charge as soon as possible.",Refund request,Critical,Email
674,Question about my last invoice,"There is a charge on my card from your company that I do not recognize, can you explain what it is for.",Billing inquiry,Critical,Social media
675,Refund needed for accidental purchase,"I was charged twice for the same order, please refund the duplicate charge as soon as possible.",Refund request,High,Email
676,Need clarification on billing cycle,"I have a question about a line item on my latest invoice, it doesn't match what I was quoted at signup.",Billing inquiry,High,Social media
677,Please cancel my account,"I would like to cancel my subscription effective immediately, please confirm once this is done.",Cancellation request,Medium,Chat
678,Software freezes during export,The mobile app is stuck on the loading screen and never gets past it no matter how many times I restart it.,Technical issue,Low,Email
679,Question about my last invoice,"I have a question about a line item on my latest invoice, it doesn't match what I was quoted at signup.",Billing inquiry,High,Chat
680,Integration with third-party tool broken,"Every time I open the app it crashes immediately, even after reinstalling. This started after the last update.",Technical issue,Critical,Chat
681,Refund needed for accidental purchase,"I was charged twice for the same order, please refund the duplicate charge as soon as possible.",Refund request,High,Email
682,Sync feature not working,"I cannot connect to your server from my office network, but it works fine on my home wifi.",Technical issue,Medium,Social media
683,Need clarification on billing cycle,The total on my invoice this month is higher than my usual plan price and I am not sure why.,Billing inquiry,Medium,Phone
684,Unexpected charge on my card,"My subscription renewed at a higher price than what I originally signed up for, please explain the increase.",Billing inquiry,High,Email
685,Requesting a refund for last month,"I was charged twice for the same order, please refund the duplicate charge as soon as possible.",Refund request,Low,Chat
686,Subscription renewed at wrong price,"I have a question about a line item on my latest invoice, it doesn't match what I was quoted at signup.",Billing inquiry,High,Phone
687,Want to cancel my subscription,"I would like to cancel my subscription effective immediately, please confirm once this is done.",Cancellation request,Medium,Chat
688,Invoice total does not match plan price,"My card was charged twice for the same monthly subscription, I would like to understand why and get this corrected.",Billing inquiry,Medium,Phone
689,"Duplicate charge, please refund immediately","I was charged twice for the same order, please refund the duplicate charge as soon as possible.",Refund request,Critical,Social media
690,"Product did not work as advertised, want refund","I was charged twice for the same order, please refund the duplicate charge as soon as possible.",Refund request,Medium,Social media
691,Question about upgrading my plan,I'm considering upgrading my plan and wanted to know what additional features come with the higher tier.,Product inquiry,Low,Phone
692,Asking about enterprise features,"I'm evaluating your enterprise features for my team, could you share more details on SSO support.",Product inquiry,Medium,Social media
693,Cannot connect to the server,"The software freezes at 80 percent every time I try to export a large file, I have to force close it.",Technical issue,High,Phone
694,Refund needed for accidental purchase,"The product did not work as advertised and I have already spent hours troubleshooting, I want a refund.",Refund request,Medium,Chat
695,Mobile app stuck on loading screen,"I cannot connect to your server from my office network, but it works fine on my home wifi.",Technical issue,High,Email
696,Please cancel my account,"Please cancel my account and stop any future billing, I no longer need the service.",Cancellation request,High,Social media
697,Want to cancel my subscription,"Can you walk me through how to cancel my current plan, I cannot find the option in settings.",Cancellation request,Low,Chat
698,Comparing plan tiers,"I'm evaluating your enterprise features for my team, could you share more details on SSO support.",Product inquiry,Low,Chat
699,Does this support multiple users,"I'm evaluating your enterprise features for my team, could you share more details on SSO support.",Product inquiry,Low,Chat
700,"Product did not work as advertised, want refund","I accidentally purchased the annual plan instead of monthly, please refund the difference right away.",Refund request,High,Chat
701,"Product did not work as advertised, want refund","I accidentally purchased the annual plan instead of monthly, please refund the difference right away.",Refund request,High,Phone
702,Refund needed for accidental purchase,"I accidentally purchased the annual plan instead of monthly, please refund the difference right away.",Refund request,High,Email
703,Want to cancel my subscription,"I would like to cancel my subscription effective immediately, please confirm once this is done.",Cancellation request,Medium,Chat
704,Question about upgrading my plan,"Could you help me compare the mid and top tier plans, I am not sure which fits our team size.",Product inquiry,Low,Social media
705,Website is throwing a 500 error,The dashboard fails to load and shows a 500 internal server error whenever I try to view my reports.,Technical issue,Critical,Phone
706,Cancelling due to lack of use,"Can you walk me through how to cancel my current plan, I cannot find the option in settings.",Cancellation request,Low,Chat
707,Integration with third-party tool broken,"I cannot connect to your server from my office network, but it works fine on my home wifi.",Technical issue,High,Chat
708,Requesting a refund for last month,I would like to request a full refund for last month's charge because I did not use the service at all.,Refund request,High,Chat
709,Invoice total does not match plan price,"I have a question about a line item on my latest invoice, it doesn't match what I was quoted at signup.",Billing inquiry,Medium,Email
710,Invoice total does not match plan price,"Can you clarify exactly when my billing cycle starts and ends each month, the dates seem inconsistent.",Billing inquiry,Medium,Social media
711,Cancelling due to lack of use,"I am cancelling because I have not used the product in months, please process this and confirm.",Cancellation request,Low,Chat
712,Requesting a refund for last month,"I accidentally purchased the annual plan instead of monthly, please refund the difference right away.",Refund request,High,Chat
713,App keeps crashing on launch,"The sync between my desktop and mobile app stopped working two days ago, my data is not updating.",Technical issue,Medium,Phone
714,"Product did not work as advertised, want refund",I would like to request a full refund for last month's charge because I did not use the service at all.,Refund request,Medium,Phone
715,Charged twice for the same subscription,"My card was charged twice for the same monthly subscription, I would like to understand why and get this corrected.",Billing inquiry,Medium,Phone
716,Please cancel my account,"I am cancelling because I have not used the product in months, please process this and confirm.",Cancellation request,High,Chat
717,"Duplicate charge, please refund immediately","I accidentally purchased the annual plan instead of monthly, please refund the difference right away.",Refund request,High,Chat
718,Want to cancel my subscription,"Can you walk me through how to cancel my current plan, I cannot find the option in settings.",Cancellation request,Low,Chat
719,Subscription renewed at wrong price,"My card was charged twice for the same monthly subscription, I would like to understand why and get this corrected.",Billing inquiry,Medium,Chat
720,Cannot connect to the server,"Every time I open the app it crashes immediately, even after reinstalling. This started after the last update.",Technical issue,Medium,Phone
721,Question about upgrading my plan,I'm considering upgrading my plan and wanted to know what additional features come with the higher tier.,Product inquiry,Medium,Email
722,Unable to log into my account,The mobile app is stuck on the loading screen and never gets past it no matter how many times I restart it.,Technical issue,Medium,Email
723,Asking about enterprise features,"Could you help me compare the mid and top tier plans, I am not sure which fits our team size.",Product inquiry,Medium,Chat
724,Software freezes during export,The mobile app is stuck on the loading screen and never gets past it no matter how many times I restart it.,Technical issue,High,Phone
725,Does this support multiple users,"Could you help me compare the mid and top tier plans, I am not sure which fits our team size.",Product inquiry,Medium,Email
726,Question about upgrading my plan,"I'm evaluating your enterprise features for my team, could you share more details on SSO support.",Product inquiry,Low,Email
727,How do I cancel my plan,"Can you walk me through how to cancel my current plan, I cannot find the option in settings.",Cancellation request,High,Chat
728,"Duplicate charge, please refund immediately","I accidentally purchased the annual plan instead of monthly, please refund the difference right away.",Refund request,Medium,Social media
729,Subscription renewed at wrong price,"Can you clarify exactly when my billing cycle starts and ends each month, the dates seem inconsistent.",Billing inquiry,Medium,Email
730,Unable to log into my account,I keep getting a server error when I try to log in with my correct credentials. I have tried resetting my password twice.,Technical issue,High,Social media
731,Charged twice for the same subscription,The total on my invoice this month is higher than my usual plan price and I am not sure why.,Billing inquiry,Low,Email
732,"Product did not work as advertised, want refund","I was charged twice for the same order, please refund the duplicate charge as soon as possible.",Refund request,Critical,Phone
733,"Duplicate charge, please refund immediately",I would like to request a full refund for last month's charge because I did not use the service at all.,Refund request,Low,Chat
734,Software freezes during export,"I cannot connect to your server from my office network, but it works fine on my home wifi.",Technical issue,High,Phone
735,Want to cancel my subscription,"I would like to cancel my subscription effective immediately, please confirm once this is done.",Cancellation request,High,Email
736,Website is throwing a 500 error,The dashboard fails to load and shows a 500 internal server error whenever I try to view my reports.,Technical issue,Medium,Social media
737,Asking about enterprise features,I'm considering upgrading my plan and wanted to know what additional features come with the higher tier.,Product inquiry,Low,Phone
738,Charged twice for the same subscription,"Can you clarify exactly when my billing cycle starts and ends each month, the dates seem inconsistent.",Billing inquiry,Medium,Social media
739,"Duplicate charge, please refund immediately","I was charged twice for the same order, please refund the duplicate charge as soon as possible.",Refund request,High,Chat
740,Website is throwing a 500 error,"Every time I open the app it crashes immediately, even after reinstalling. This started after the last update.",Technical issue,Critical,Chat
741,Mobile app stuck on loading screen,"Our Zapier integration stopped passing data through after your latest release, nothing shows up on the other end.",Technical issue,High,Social media
742,Invoice total does not match plan price,"Can you clarify exactly when my billing cycle starts and ends each month, the dates seem inconsistent.",Billing inquiry,High,Email
743,Need clarification on billing cycle,"Can you clarify exactly when my billing cycle starts and ends each month, the dates seem inconsistent.",Billing inquiry,Low,Social media
744,Want to cancel my subscription,"I would like to cancel my subscription effective immediately, please confirm once this is done.",Cancellation request,Low,Phone
745,Sync feature not working,"I cannot connect to your server from my office network, but it works fine on my home wifi.",Technical issue,High,Email
746,How do I cancel my plan,"I am cancelling because I have not used the product in months, please process this and confirm.",Cancellation request,Low,Social media
747,Invoice total does not match plan price,The total on my invoice this month is higher than my usual plan price and I am not sure why.,Billing inquiry,Low,Chat
748,Comparing plan tiers,"Could you help me compare the mid and top tier plans, I am not sure which fits our team size.",Product inquiry,High,Email
749,Please cancel my account,"Can you walk me through how to cancel my current plan, I cannot find the option in settings.",Cancellation request,Low,Phone
750,Sync feature not working,The mobile app is stuck on the loading screen and never gets past it no matter how many times I restart it.,Technical issue,Medium,Chat
751,Integration with third-party tool broken,"Our Zapier integration stopped passing data through after your latest release, nothing shows up on the other end.",Technical issue,High,Social media
752,Integration with third-party tool broken,"Our Zapier integration stopped passing data through after your latest release, nothing shows up on the other end.",Technical issue,Medium,Social media
753,Unable to log into my account,The mobile app is stuck on the loading screen and never gets past it no matter how many times I restart it.,Technical issue,Medium,Email
754,Software freezes during export,"The sync between my desktop and mobile app stopped working two days ago, my data is not updating.",Technical issue,High,Social media
755,Refund needed for accidental purchase,I would like to request a full refund for last month's charge because I did not use the service at all.,Refund request,High,Social media
756,"Duplicate charge, please refund immediately","I accidentally purchased the annual plan instead of monthly, please refund the difference right away.",Refund request,High,Email
757,Sync feature not working,"Every time I open the app it crashes immediately, even after reinstalling. This started after the last update.",Technical issue,Medium,Phone
758,Asking about enterprise features,I'm considering upgrading my plan and wanted to know what additional features come with the higher tier.,Product inquiry,Low,Chat
759,How do I cancel my plan,"I am cancelling because I have not used the product in months, please process this and confirm.",Cancellation request,Low,Chat
760,Charged twice for the same subscription,"Can you clarify exactly when my billing cycle starts and ends each month, the dates seem inconsistent.",Billing inquiry,Medium,Chat
761,Requesting a refund for last month,"I was charged twice for the same order, please refund the duplicate charge as soon as possible.",Refund request,Low,Email
762,Cancelling due to lack of use,"Can you walk me through how to cancel my current plan, I cannot find the option in settings.",Cancellation request,Critical,Email
763,Question about upgrading my plan,"Could you help me compare the mid and top tier plans, I am not sure which fits our team size.",Product inquiry,Medium,Social media
764,Does this support multiple users,"Does your product support multiple user seats under one account, and how is pricing calculated for that.",Product inquiry,Medium,Chat
765,Mobile app stuck on loading screen,"I cannot connect to your server from my office network, but it works fine on my home wifi.",Technical issue,High,Social media
766,How do I cancel my plan,"Please cancel my account and stop any future billing, I no longer need the service.",Cancellation request,Medium,Phone
767,"Duplicate charge, please refund immediately","The product did not work as advertised and I have already spent hours troubleshooting, I want a refund.",Refund request,Medium,Phone
768,Asking about enterprise features,"Does your product support multiple user seats under one account, and how is pricing calculated for that.",Product inquiry,Low,Phone
769,"Product did not work as advertised, want refund","The product did not work as advertised and I have already spent hours troubleshooting, I want a refund.",Refund request,High,Phone
770,Cannot connect to the server,"Our Zapier integration stopped passing data through after your latest release, nothing shows up on the other end.",Technical issue,High,Social media
771,Asking about enterprise features,"Could you help me compare the mid and top tier plans, I am not sure which fits our team size.",Product inquiry,Medium,Email
772,Mobile app stuck on loading screen,The dashboard fails to load and shows a 500 internal server error whenever I try to view my reports.,Technical issue,Low,Email
773,Unexpected charge on my card,"I have a question about a line item on my latest invoice, it doesn't match what I was quoted at signup.",Billing inquiry,Critical,Phone
774,Charged twice for the same subscription,"My subscription renewed at a higher price than what I originally signed up for, please explain the increase.",Billing inquiry,High,Chat
775,Question about upgrading my plan,"I'm evaluating your enterprise features for my team, could you share more details on SSO support.",Product inquiry,Medium,Email
776,Does this support multiple users,"Could you help me compare the mid and top tier plans, I am not sure which fits our team size.",Product inquiry,Low,Phone
777,Mobile app stuck on loading screen,The mobile app is stuck on the loading screen and never gets past it no matter how many times I restart it.,Technical issue,Medium,Phone
778,Question about upgrading my plan,I'm considering upgrading my plan and wanted to know what additional features come with the higher tier.,Product inquiry,Medium,Chat
779,Comparing plan tiers,"Does your product support multiple user seats under one account, and how is pricing calculated for that.",Product inquiry,High,Phone
780,Does this support multiple users,"Does your product support multiple user seats under one account, and how is pricing calculated for that.",Product inquiry,Low,Chat
781,Website is throwing a 500 error,The dashboard fails to load and shows a 500 internal server error whenever I try to view my reports.,Technical issue,High,Email
782,Want to cancel my subscription,"I am cancelling because I have not used the product in months, please process this and confirm.",Cancellation request,Low,Phone
783,Question about my last invoice,The total on my invoice this month is higher than my usual plan price and I am not sure why.,Billing inquiry,High,Email
784,"Duplicate charge, please refund immediately","The product did not work as advertised and I have already spent hours troubleshooting, I want a refund.",Refund request,Low,Phone
785,Question about upgrading my plan,"I'm evaluating your enterprise features for my team, could you share more details on SSO support.",Product inquiry,Low,Phone
786,Cannot connect to the server,"The sync between my desktop and mobile app stopped working two days ago, my data is not updating.",Technical issue,Critical,Email
787,Does this support multiple users,"Could you help me compare the mid and top tier plans, I am not sure which fits our team size.",Product inquiry,Low,Social media
788,Cannot connect to the server,"The sync between my desktop and mobile app stopped working two days ago, my data is not updating.",Technical issue,Critical,Phone
789,Refund needed for accidental purchase,"I accidentally purchased the annual plan instead of monthly, please refund the difference right away.",Refund request,Medium,Social media
790,Question about upgrading my plan,I'm considering upgrading my plan and wanted to know what additional features come with the higher tier.,Product inquiry,Medium,Social media
791,Subscription renewed at wrong price,The total on my invoice this month is higher than my usual plan price and I am not sure why.,Billing inquiry,High,Chat
792,Cannot connect to the server,The mobile app is stuck on the loading screen and never gets past it no matter how many times I restart it.,Technical issue,Critical,Email
793,Please cancel my account,"Please cancel my account and stop any future billing, I no longer need the service.",Cancellation request,Low,Phone
794,Comparing plan tiers,"Could you help me compare the mid and top tier plans, I am not sure which fits our team size.",Product inquiry,Low,Chat
795,Requesting a refund for last month,I would like to request a full refund for last month's charge because I did not use the service at all.,Refund request,Medium,Email
796,Sync feature not working,"The sync between my desktop and mobile app stopped working two days ago, my data is not updating.",Technical issue,Critical,Social media
797,Sync feature not working,The mobile app is stuck on the loading screen and never gets past it no matter how many times I restart it.,Technical issue,High,Email
798,Charged twice for the same subscription,"Can you clarify exactly when my billing cycle starts and ends each month, the dates seem inconsistent.",Billing inquiry,High,Email
799,Unable to log into my account,"Every time I open the app it crashes immediately, even after reinstalling. This started after the last update.",Technical issue,Medium,Phone
800,Question about upgrading my plan,"Does your product support multiple user seats under one account, and how is pricing calculated for that.",Product inquiry,High,Social media
801,Cancelling due to lack of use,"I am cancelling because I have not used the product in months, please process this and confirm.",Cancellation request,Medium,Email
802,Want to cancel my subscription,"I would like to cancel my subscription effective immediately, please confirm once this is done.",Cancellation request,Medium,Email
803,Question about upgrading my plan,I'm considering upgrading my plan and wanted to know what additional features come with the higher tier.,Product inquiry,Low,Email
804,Refund needed for accidental purchase,I would like to request a full refund for last month's charge because I did not use the service at all.,Refund request,Medium,Social media
805,Cancelling due to lack of use,"I would like to cancel my subscription effective immediately, please confirm once this is done.",Cancellation request,Medium,Chat
806,Subscription renewed at wrong price,"Can you clarify exactly when my billing cycle starts and ends each month, the dates seem inconsistent.",Billing inquiry,High,Phone
807,Unexpected charge on my card,"My subscription renewed at a higher price than what I originally signed up for, please explain the increase.",Billing inquiry,High,Phone
808,Website is throwing a 500 error,I keep getting a server error when I try to log in with my correct credentials. I have tried resetting my password twice.,Technical issue,Low,Social media
809,Question about upgrading my plan,"I'm evaluating your enterprise features for my team, could you share more details on SSO support.",Product inquiry,Low,Phone
810,Need clarification on billing cycle,"My subscription renewed at a higher price than what I originally signed up for, please explain the increase.",Billing inquiry,High,Chat
811,Question about my last invoice,"I have a question about a line item on my latest invoice, it doesn't match what I was quoted at signup.",Billing inquiry,Medium,Phone
812,Charged twice for the same subscription,"I have a question about a line item on my latest invoice, it doesn't match what I was quoted at signup.",Billing inquiry,High,Email
813,Comparing plan tiers,I'm considering upgrading my plan and wanted to know what additional features come with the higher tier.,Product inquiry,Low,Email
814,Requesting a refund for last month,"The product did not work as advertised and I have already spent hours troubleshooting, I want a refund.",Refund request,High,Social media
815,Refund needed for accidental purchase,"The product did not work as advertised and I have already spent hours troubleshooting, I want a refund.",Refund request,High,Chat
816,Software freezes during export,I keep getting a server error when I try to log in with my correct credentials. I have tried resetting my password twice.,Technical issue,Critical,Phone
817,Cancelling due to lack of use,"Please cancel my account and stop any future billing, I no longer need the service.",Cancellation request,Medium,Phone
818,Does this support multiple users,"I'm evaluating your enterprise features for my team, could you share more details on SSO support.",Product inquiry,Medium,Social media
819,Charged twice for the same subscription,"There is a charge on my card from your company that I do not recognize, can you explain what it is for.",Billing inquiry,Medium,Chat
820,Please cancel my account,"Please cancel my account and stop any future billing, I no longer need the service.",Cancellation request,Low,Phone
821,Cancelling due to lack of use,"I am cancelling because I have not used the product in months, please process this and confirm.",Cancellation request,Medium,Phone
822,Want to cancel my subscription,"Can you walk me through how to cancel my current plan, I cannot find the option in settings.",Cancellation request,Medium,Email
823,"Product did not work as advertised, want refund","The product did not work as advertised and I have already spent hours troubleshooting, I want a refund.",Refund request,Medium,Email
824,App keeps crashing on launch,"Every time I open the app it crashes immediately, even after reinstalling. This started after the last update.",Technical issue,High,Social media
825,Does this support multiple users,I'm considering upgrading my plan and wanted to know what additional features come with the higher tier.,Product inquiry,Medium,Social media
826,Unexpected charge on my card,"Can you clarify exactly when my billing cycle starts and ends each month, the dates seem inconsistent.",Billing inquiry,Medium,Phone
827,Need clarification on billing cycle,The total on my invoice this month is higher than my usual plan price and I am not sure why.,Billing inquiry,Medium,Social media
828,Requesting a refund for last month,"The product did not work as advertised and I have already spent hours troubleshooting, I want a refund.",Refund request,High,Chat
829,Does this support multiple users,"Could you help me compare the mid and top tier plans, I am not sure which fits our team size.",Product inquiry,Low,Chat
830,Please cancel my account,"I would like to cancel my subscription effective immediately, please confirm once this is done.",Cancellation request,Low,Social media
831,Charged twice for the same subscription,"There is a charge on my card from your company that I do not recognize, can you explain what it is for.",Billing inquiry,Medium,Email
832,Invoice total does not match plan price,"There is a charge on my card from your company that I do not recognize, can you explain what it is for.",Billing inquiry,Medium,Social media
833,App keeps crashing on launch,"I cannot connect to your server from my office network, but it works fine on my home wifi.",Technical issue,Low,Phone
834,"Product did not work as advertised, want refund","I was charged twice for the same order, please refund the duplicate charge as soon as possible.",Refund request,High,Phone
835,Question about upgrading my plan,"I'm evaluating your enterprise features for my team, could you share more details on SSO support.",Product inquiry,Low,Chat
836,Comparing plan tiers,"I'm evaluating your enterprise features for my team, could you share more details on SSO support.",Product inquiry,Medium,Phone
837,Cancelling due to lack of use,"I would like to cancel my subscription effective immediately, please confirm once this is done.",Cancellation request,Medium,Chat
838,How do I cancel my plan,"Can you walk me through how to cancel my current plan, I cannot find the option in settings.",Cancellation request,Low,Phone
839,Question about my last invoice,"I have a question about a line item on my latest invoice, it doesn't match what I was quoted at signup.",Billing inquiry,Low,Email
840,Need clarification on billing cycle,"There is a charge on my card from your company that I do not recognize, can you explain what it is for.",Billing inquiry,High,Social media
841,Cancelling due to lack of use,"Can you walk me through how to cancel my current plan, I cannot find the option in settings.",Cancellation request,Medium,Social media
842,Sync feature not working,"Every time I open the app it crashes immediately, even after reinstalling. This started after the last update.",Technical issue,Low,Chat
843,Subscription renewed at wrong price,The total on my invoice this month is higher than my usual plan price and I am not sure why.,Billing inquiry,Low,Chat
844,Website is throwing a 500 error,"The software freezes at 80 percent every time I try to export a large file, I have to force close it.",Technical issue,Critical,Social media
845,Question about upgrading my plan,"I'm evaluating your enterprise features for my team, could you share more details on SSO support.",Product inquiry,High,Chat
846,Cancelling due to lack of use,"I am cancelling because I have not used the product in months, please process this and confirm.",Cancellation request,Low,Social media
847,Does this support multiple users,"Does your product support multiple user seats under one account, and how is pricing calculated for that.",Product inquiry,Medium,Phone
848,Subscription renewed at wrong price,"My subscription renewed at a higher price than what I originally signed up for, please explain the increase.",Billing inquiry,Medium,Social media
849,Question about upgrading my plan,"Does your product support multiple user seats under one account, and how is pricing calculated for that.",Product inquiry,Low,Chat
850,App keeps crashing on launch,"The sync between my desktop and mobile app stopped working two days ago, my data is not updating.",Technical issue,High,Social media
851,Invoice total does not match plan price,"My card was charged twice for the same monthly subscription, I would like to understand why and get this corrected.",Billing inquiry,Low,Email
852,Question about upgrading my plan,I'm considering upgrading my plan and wanted to know what additional features come with the higher tier.,Product inquiry,Low,Chat
853,Question about upgrading my plan,"Could you help me compare the mid and top tier plans, I am not sure which fits our team size.",Product inquiry,Low,Phone
854,Mobile app stuck on loading screen,"The sync between my desktop and mobile app stopped working two days ago, my data is not updating.",Technical issue,Critical,Social media
855,Please cancel my account,"I would like to cancel my subscription effective immediately, please confirm once this is done.",Cancellation request,Medium,Phone
856,How do I cancel my plan,"I would like to cancel my subscription effective immediately, please confirm once this is done.",Cancellation request,Low,Social media
857,"Product did not work as advertised, want refund",I would like to request a full refund for last month's charge because I did not use the service at all.,Refund request,High,Email
858,Question about upgrading my plan,I'm considering upgrading my plan and wanted to know what additional features come with the higher tier.,Product inquiry,Low,Chat
859,"Duplicate charge, please refund immediately","I accidentally purchased the annual plan instead of monthly, please refund the difference right away.",Refund request,Medium,Social media
860,Asking about enterprise features,"I'm evaluating your enterprise features for my team, could you share more details on SSO support.",Product inquiry,High,Social media
861,Asking about enterprise features,"I'm evaluating your enterprise features for my team, could you share more details on SSO support.",Product inquiry,Critical,Social media
862,Need clarification on billing cycle,The total on my invoice this month is higher than my usual plan price and I am not sure why.,Billing inquiry,High,Social media
863,Unexpected charge on my card,The total on my invoice this month is higher than my usual plan price and I am not sure why.,Billing inquiry,Medium,Phone
864,Refund needed for accidental purchase,"I was charged twice for the same order, please refund the duplicate charge as soon as possible.",Refund request,High,Email
865,Need clarification on billing cycle,"My subscription renewed at a higher price than what I originally signed up for, please explain the increase.",Billing inquiry,High,Email
866,Invoice total does not match plan price,"Can you clarify exactly when my billing cycle starts and ends each month, the dates seem inconsistent.",Billing inquiry,High,Email
867,Need clarification on billing cycle,"My subscription renewed at a higher price than what I originally signed up for, please explain the increase.",Billing inquiry,Low,Email
868,Need clarification on billing cycle,The total on my invoice this month is higher than my usual plan price and I am not sure why.,Billing inquiry,Medium,Email
869,"Product did not work as advertised, want refund","I accidentally purchased the annual plan instead of monthly, please refund the difference right away.",Refund request,Low,Email
870,Cancelling due to lack of use,"Please cancel my account and stop any future billing, I no longer need the service.",Cancellation request,Medium,Email
871,Subscription renewed at wrong price,"Can you clarify exactly when my billing cycle starts and ends each month, the dates seem inconsistent.",Billing inquiry,Medium,Chat
872,Asking about enterprise features,"Does your product support multiple user seats under one account, and how is pricing calculated for that.",Product inquiry,Low,Chat
873,Does this support multiple users,I'm considering upgrading my plan and wanted to know what additional features come with the higher tier.,Product inquiry,Low,Email
874,Charged twice for the same subscription,"There is a charge on my card from your company that I do not recognize, can you explain what it is for.",Billing inquiry,High,Phone
875,Cancelling due to lack of use,"Can you walk me through how to cancel my current plan, I cannot find the option in settings.",Cancellation request,Medium,Email
876,Software freezes during export,"I cannot connect to your server from my office network, but it works fine on my home wifi.",Technical issue,Medium,Phone
877,Invoice total does not match plan price,"I have a question about a line item on my latest invoice, it doesn't match what I was quoted at signup.",Billing inquiry,Medium,Social media
878,Question about upgrading my plan,"I'm evaluating your enterprise features for my team, could you share more details on SSO support.",Product inquiry,Low,Email
879,Question about upgrading my plan,"I'm evaluating your enterprise features for my team, could you share more details on SSO support.",Product inquiry,Low,Email
880,Asking about enterprise features,"I'm evaluating your enterprise features for my team, could you share more details on SSO support.",Product inquiry,Medium,Social media
881,Comparing plan tiers,"Does your product support multiple user seats under one account, and how is pricing calculated for that.",Product inquiry,Medium,Social media
882,Want to cancel my subscription,"I am cancelling because I have not used the product in months, please process this and confirm.",Cancellation request,Low,Email
883,How do I cancel my plan,"Can you walk me through how to cancel my current plan, I cannot find the option in settings.",Cancellation request,High,Social media
884,Requesting a refund for last month,"I accidentally purchased the annual plan instead of monthly, please refund the difference right away.",Refund request,Medium,Email
885,Please cancel my account,"I would like to cancel my subscription effective immediately, please confirm once this is done.",Cancellation request,Medium,Chat
886,Please cancel my account,"Please cancel my account and stop any future billing, I no longer need the service.",Cancellation request,Low,Phone
887,Subscription renewed at wrong price,"My subscription renewed at a higher price than what I originally signed up for, please explain the increase.",Billing inquiry,High,Chat
888,How do I cancel my plan,"Can you walk me through how to cancel my current plan, I cannot find the option in settings.",Cancellation request,Medium,Phone
889,Question about my last invoice,"I have a question about a line item on my latest invoice, it doesn't match what I was quoted at signup.",Billing inquiry,High,Phone
890,Charged twice for the same subscription,"My card was charged twice for the same monthly subscription, I would like to understand why and get this corrected.",Billing inquiry,High,Social media
891,Question about upgrading my plan,I'm considering upgrading my plan and wanted to know what additional features come with the higher tier.,Product inquiry,Medium,Phone
892,Asking about enterprise features,"Could you help me compare the mid and top tier plans, I am not sure which fits our team size.",Product inquiry,High,Phone
893,How do I cancel my plan,"Please cancel my account and stop any future billing, I no longer need the service.",Cancellation request,Medium,Chat
894,Mobile app stuck on loading screen,"Our Zapier integration stopped passing data through after your latest release, nothing shows up on the other end.",Technical issue,Critical,Email
895,Asking about enterprise features,"Could you help me compare the mid and top tier plans, I am not sure which fits our team size.",Product inquiry,High,Chat
896,Want to cancel my subscription,"I am cancelling because I have not used the product in months, please process this and confirm.",Cancellation request,Low,Email
897,Sync feature not working,The mobile app is stuck on the loading screen and never gets past it no matter how many times I restart it.,Technical issue,High,Phone
898,Refund needed for accidental purchase,"The product did not work as advertised and I have already spent hours troubleshooting, I want a refund.",Refund request,High,Chat
899,"Duplicate charge, please refund immediately","I accidentally purchased the annual plan instead of monthly, please refund the difference right away.",Refund request,Medium,Social media
900,How do I cancel my plan,"I am cancelling because I have not used the product in months, please process this and confirm.",Cancellation request,Medium,Phone
901,"Duplicate charge, please refund immediately","I accidentally purchased the annual plan instead of monthly, please refund the difference right away.",Refund request,High,Chat
902,Does this support multiple users,I'm considering upgrading my plan and wanted to know what additional features come with the higher tier.,Product inquiry,Medium,Chat
903,Comparing plan tiers,"Could you help me compare the mid and top tier plans, I am not sure which fits our team size.",Product inquiry,Low,Chat
904,Want to cancel my subscription,"Can you walk me through how to cancel my current plan, I cannot find the option in settings.",Cancellation request,Medium,Chat
905,Asking about enterprise features,"Could you help me compare the mid and top tier plans, I am not sure which fits our team size.",Product inquiry,Low,Email
906,Want to cancel my subscription,"Can you walk me through how to cancel my current plan, I cannot find the option in settings.",Cancellation request,Low,Phone
907,Want to cancel my subscription,"I am cancelling because I have not used the product in months, please process this and confirm.",Cancellation request,Medium,Phone
908,Refund needed for accidental purchase,"I accidentally purchased the annual plan instead of monthly, please refund the difference right away.",Refund request,Medium,Social media
909,Cannot connect to the server,"The sync between my desktop and mobile app stopped working two days ago, my data is not updating.",Technical issue,High,Chat
910,Refund needed for accidental purchase,"I accidentally purchased the annual plan instead of monthly, please refund the difference right away.",Refund request,High,Social media
911,Want to cancel my subscription,"I am cancelling because I have not used the product in months, please process this and confirm.",Cancellation request,Medium,Social media
912,Question about my last invoice,"My subscription renewed at a higher price than what I originally signed up for, please explain the increase.",Billing inquiry,High,Phone
913,Cancelling due to lack of use,"I would like to cancel my subscription effective immediately, please confirm once this is done.",Cancellation request,Low,Phone
914,Unexpected charge on my card,"There is a charge on my card from your company that I do not recognize, can you explain what it is for.",Billing inquiry,High,Phone
915,Comparing plan tiers,"I'm evaluating your enterprise features for my team, could you share more details on SSO support.",Product inquiry,High,Phone
916,Comparing plan tiers,"Could you help me compare the mid and top tier plans, I am not sure which fits our team size.",Product inquiry,Low,Email
917,Subscription renewed at wrong price,"I have a question about a line item on my latest invoice, it doesn't match what I was quoted at signup.",Billing inquiry,High,Email
918,Question about my last invoice,"Can you clarify exactly when my billing cycle starts and ends each month, the dates seem inconsistent.",Billing inquiry,Low,Email
919,Want to cancel my subscription,"I would like to cancel my subscription effective immediately, please confirm once this is done.",Cancellation request,High,Email
920,Software freezes during export,The dashboard fails to load and shows a 500 internal server error whenever I try to view my reports.,Technical issue,Low,Social media
921,"Product did not work as advertised, want refund","The product did not work as advertised and I have already spent hours troubleshooting, I want a refund.",Refund request,High,Social media
922,Question about my last invoice,The total on my invoice this month is higher than my usual plan price and I am not sure why.,Billing inquiry,High,Email
923,Cannot connect to the server,"I cannot connect to your server from my office network, but it works fine on my home wifi.",Technical issue,Critical,Social media
924,Asking about enterprise features,"Could you help me compare the mid and top tier plans, I am not sure which fits our team size.",Product inquiry,Low,Chat
925,Comparing plan tiers,"Could you help me compare the mid and top tier plans, I am not sure which fits our team size.",Product inquiry,Low,Phone
926,"Duplicate charge, please refund immediately","The product did not work as advertised and I have already spent hours troubleshooting, I want a refund.",Refund request,High,Social media
927,Refund needed for accidental purchase,"I was charged twice for the same order, please refund the duplicate charge as soon as possible.",Refund request,Medium,Phone
928,App keeps crashing on launch,The dashboard fails to load and shows a 500 internal server error whenever I try to view my reports.,Technical issue,Medium,Social media
929,Question about upgrading my plan,"Could you help me compare the mid and top tier plans, I am not sure which fits our team size.",Product inquiry,High,Social media
930,Requesting a refund for last month,"I was charged twice for the same order, please refund the duplicate charge as soon as possible.",Refund request,High,Chat
931,Cannot connect to the server,"The sync between my desktop and mobile app stopped working two days ago, my data is not updating.",Technical issue,Medium,Social media
932,How do I cancel my plan,"Can you walk me through how to cancel my current plan, I cannot find the option in settings.",Cancellation request,Medium,Social media
933,How do I cancel my plan,"Please cancel my account and stop any future billing, I no longer need the service.",Cancellation request,Low,Chat
934,Asking about enterprise features,"I'm evaluating your enterprise features for my team, could you share more details on SSO support.",Product inquiry,Medium,Phone
935,How do I cancel my plan,"I would like to cancel my subscription effective immediately, please confirm once this is done.",Cancellation request,Low,Phone
936,Integration with third-party tool broken,"Our Zapier integration stopped passing data through after your latest release, nothing shows up on the other end.",Technical issue,Medium,Social media
937,Unexpected charge on my card,"My card was charged twice for the same monthly subscription, I would like to understand why and get this corrected.",Billing inquiry,Low,Email
938,Charged twice for the same subscription,"There is a charge on my card from your company that I do not recognize, can you explain what it is for.",Billing inquiry,Medium,Social media
939,Sync feature not working,I keep getting a server error when I try to log in with my correct credentials. I have tried resetting my password twice.,Technical issue,Medium,Social media
940,Unexpected charge on my card,"Can you clarify exactly when my billing cycle starts and ends each month, the dates seem inconsistent.",Billing inquiry,Medium,Social media
941,"Duplicate charge, please refund immediately",I would like to request a full refund for last month's charge because I did not use the service at all.,Refund request,Medium,Chat
942,Software freezes during export,The mobile app is stuck on the loading screen and never gets past it no matter how many times I restart it.,Technical issue,Low,Social media
943,Question about my last invoice,"There is a charge on my card from your company that I do not recognize, can you explain what it is for.",Billing inquiry,High,Email
944,Sync feature not working,The mobile app is stuck on the loading screen and never gets past it no matter how many times I restart it.,Technical issue,High,Social media
945,Subscription renewed at wrong price,"My card was charged twice for the same monthly subscription, I would like to understand why and get this corrected.",Billing inquiry,Low,Email
946,Does this support multiple users,"Could you help me compare the mid and top tier plans, I am not sure which fits our team size.",Product inquiry,Low,Phone
947,"Product did not work as advertised, want refund",I would like to request a full refund for last month's charge because I did not use the service at all.,Refund request,High,Email
948,"Duplicate charge, please refund immediately","I accidentally purchased the annual plan instead of monthly, please refund the difference right away.",Refund request,Medium,Email
949,Charged twice for the same subscription,"I have a question about a line item on my latest invoice, it doesn't match what I was quoted at signup.",Billing inquiry,Medium,Phone
950,Website is throwing a 500 error,"The software freezes at 80 percent every time I try to export a large file, I have to force close it.",Technical issue,High,Social media
951,Charged twice for the same subscription,"My card was charged twice for the same monthly subscription, I would like to understand why and get this corrected.",Billing inquiry,Medium,Social media
952,Does this support multiple users,"I'm evaluating your enterprise features for my team, could you share more details on SSO support.",Product inquiry,Medium,Chat
953,Need clarification on billing cycle,"My card was charged twice for the same monthly subscription, I would like to understand why and get this corrected.",Billing inquiry,High,Phone
954,App keeps crashing on launch,"I cannot connect to your server from my office network, but it works fine on my home wifi.",Technical issue,High,Email
955,Need clarification on billing cycle,"I have a question about a line item on my latest invoice, it doesn't match what I was quoted at signup.",Billing inquiry,Medium,Phone
956,How do I cancel my plan,"I would like to cancel my subscription effective immediately, please confirm once this is done.",Cancellation request,Medium,Phone
957,Unexpected charge on my card,"My card was charged twice for the same monthly subscription, I would like to understand why and get this corrected.",Billing inquiry,Medium,Social media
958,Asking about enterprise features,"Could you help me compare the mid and top tier plans, I am not sure which fits our team size.",Product inquiry,Low,Chat
959,Asking about enterprise features,"I'm evaluating your enterprise features for my team, could you share more details on SSO support.",Product inquiry,Medium,Phone
960,Does this support multiple users,I'm considering upgrading my plan and wanted to know what additional features come with the higher tier.,Product inquiry,Low,Social media
961,Refund needed for accidental purchase,"I accidentally purchased the annual plan instead of monthly, please refund the difference right away.",Refund request,High,Social media
962,Charged twice for the same subscription,The total on my invoice this month is higher than my usual plan price and I am not sure why.,Billing inquiry,High,Chat
963,Requesting a refund for last month,"I was charged twice for the same order, please refund the duplicate charge as soon as possible.",Refund request,Medium,Social media
964,Does this support multiple users,"I'm evaluating your enterprise features for my team, could you share more details on SSO support.",Product inquiry,Low,Phone
965,Unable to log into my account,I keep getting a server error when I try to log in with my correct credentials. I have tried resetting my password twice.,Technical issue,Low,Chat
966,Charged twice for the same subscription,"I have a question about a line item on my latest invoice, it doesn't match what I was quoted at signup.",Billing inquiry,Low,Chat
967,App keeps crashing on launch,The mobile app is stuck on the loading screen and never gets past it no matter how many times I restart it.,Technical issue,High,Phone
968,Cannot connect to the server,"The sync between my desktop and mobile app stopped working two days ago, my data is not updating.",Technical issue,High,Email
969,Sync feature not working,"Our Zapier integration stopped passing data through after your latest release, nothing shows up on the other end.",Technical issue,Critical,Email
970,Want to cancel my subscription,"Please cancel my account and stop any future billing, I no longer need the service.",Cancellation request,Medium,Social media
971,Requesting a refund for last month,"I accidentally purchased the annual plan instead of monthly, please refund the difference right away.",Refund request,High,Email
972,Requesting a refund for last month,"The product did not work as advertised and I have already spent hours troubleshooting, I want a refund.",Refund request,Critical,Email
973,Sync feature not working,The mobile app is stuck on the loading screen and never gets past it no matter how many times I restart it.,Technical issue,Medium,Chat
974,Does this support multiple users,"Could you help me compare the mid and top tier plans, I am not sure which fits our team size.",Product inquiry,Medium,Phone
975,Cancelling due to lack of use,"I would like to cancel my subscription effective immediately, please confirm once this is done.",Cancellation request,Low,Chat
976,Comparing plan tiers,"I'm evaluating your enterprise features for my team, could you share more details on SSO support.",Product inquiry,Medium,Social media
977,Refund needed for accidental purchase,"I accidentally purchased the annual plan instead of monthly, please refund the difference right away.",Refund request,High,Social media
978,Please cancel my account,"Can you walk me through how to cancel my current plan, I cannot find the option in settings.",Cancellation request,Medium,Chat
979,Please cancel my account,"Please cancel my account and stop any future billing, I no longer need the service.",Cancellation request,Critical,Social media
980,Want to cancel my subscription,"I would like to cancel my subscription effective immediately, please confirm once this is done.",Cancellation request,Critical,Email
981,Does this support multiple users,"I'm evaluating your enterprise features for my team, could you share more details on SSO support.",Product inquiry,Low,Chat
982,Unexpected charge on my card,"My card was charged twice for the same monthly subscription, I would like to understand why and get this corrected.",Billing inquiry,High,Phone
983,Does this support multiple users,I'm considering upgrading my plan and wanted to know what additional features come with the higher tier.,Product inquiry,Low,Phone
984,Question about my last invoice,"There is a charge on my card from your company that I do not recognize, can you explain what it is for.",Billing inquiry,Medium,Chat
985,Unexpected charge on my card,"There is a charge on my card from your company that I do not recognize, can you explain what it is for.",Billing inquiry,Low,Social media
986,Does this support multiple users,I'm considering upgrading my plan and wanted to know what additional features come with the higher tier.,Product inquiry,Medium,Social media
987,Need clarification on billing cycle,"My subscription renewed at a higher price than what I originally signed up for, please explain the increase.",Billing inquiry,High,Email
988,Asking about enterprise features,I'm considering upgrading my plan and wanted to know what additional features come with the higher tier.,Product inquiry,Medium,Social media
989,App keeps crashing on launch,"I cannot connect to your server from my office network, but it works fine on my home wifi.",Technical issue,Medium,Social media
990,Want to cancel my subscription,"Can you walk me through how to cancel my current plan, I cannot find the option in settings.",Cancellation request,Medium,Email
991,Want to cancel my subscription,"Please cancel my account and stop any future billing, I no longer need the service.",Cancellation request,Medium,Phone
992,Does this support multiple users,"I'm evaluating your enterprise features for my team, could you share more details on SSO support.",Product inquiry,Low,Chat
993,Charged twice for the same subscription,"My subscription renewed at a higher price than what I originally signed up for, please explain the increase.",Billing inquiry,High,Social media
994,Want to cancel my subscription,"Can you walk me through how to cancel my current plan, I cannot find the option in settings.",Cancellation request,Medium,Social media
995,Question about my last invoice,"There is a charge on my card from your company that I do not recognize, can you explain what it is for.",Billing inquiry,Low,Email
996,Comparing plan tiers,"I'm evaluating your enterprise features for my team, could you share more details on SSO support.",Product inquiry,Low,Social media
997,Question about my last invoice,"Can you clarify exactly when my billing cycle starts and ends each month, the dates seem inconsistent.",Billing inquiry,Medium,Social media
998,How do I cancel my plan,"Can you walk me through how to cancel my current plan, I cannot find the option in settings.",Cancellation request,Low,Phone
999,Please cancel my account,"I would like to cancel my subscription effective immediately, please confirm once this is done.",Cancellation request,Low,Social media
1000,Please cancel my account,"Please cancel my account and stop any future billing, I no longer need the service.",Cancellation request,Low,Phone
1001,Question about upgrading my plan,"I'm evaluating your enterprise features for my team, could you share more details on SSO support.",Product inquiry,Low,Phone
1002,Comparing plan tiers,"Does your product support multiple user seats under one account, and how is pricing calculated for that.",Product inquiry,Low,Chat
1003,Subscription renewed at wrong price,"There is a charge on my card from your company that I do not recognize, can you explain what it is for.",Billing inquiry,Low,Email
1004,App keeps crashing on launch,"The sync between my desktop and mobile app stopped working two days ago, my data is not updating.",Technical issue,Critical,Chat
1005,Requesting a refund for last month,"I accidentally purchased the annual plan instead of monthly, please refund the difference right away.",Refund request,High,Email
1006,"Duplicate charge, please refund immediately","I was charged twice for the same order, please refund the duplicate charge as soon as possible.",Refund request,Low,Chat
1007,Does this support multiple users,"Does your product support multiple user seats under one account, and how is pricing calculated for that.",Product inquiry,Low,Phone
1008,Comparing plan tiers,"Does your product support multiple user seats under one account, and how is pricing calculated for that.",Product inquiry,Medium,Email
1009,Want to cancel my subscription,"Please cancel my account and stop any future billing, I no longer need the service.",Cancellation request,Low,Phone
1010,Subscription renewed at wrong price,The total on my invoice this month is higher than my usual plan price and I am not sure why.,Billing inquiry,Medium,Social media
1011,Unable to log into my account,The mobile app is stuck on the loading screen and never gets past it no matter how many times I restart it.,Technical issue,High,Phone
1012,App keeps crashing on launch,"The software freezes at 80 percent every time I try to export a large file, I have to force close it.",Technical issue,Critical,Social media
1013,Need clarification on billing cycle,The total on my invoice this month is higher than my usual plan price and I am not sure why.,Billing inquiry,Critical,Email
1014,"Duplicate charge, please refund immediately",I would like to request a full refund for last month's charge because I did not use the service at all.,Refund request,Medium,Social media
1015,Question about upgrading my plan,I'm considering upgrading my plan and wanted to know what additional features come with the higher tier.,Product inquiry,Low,Phone
1016,"Duplicate charge, please refund immediately","I was charged twice for the same order, please refund the duplicate charge as soon as possible.",Refund request,High,Email
1017,Refund needed for accidental purchase,"I accidentally purchased the annual plan instead of monthly, please refund the difference right away.",Refund request,High,Chat
1018,Asking about enterprise features,I'm considering upgrading my plan and wanted to know what additional features come with the higher tier.,Product inquiry,Medium,Social media
1019,Software freezes during export,"The sync between my desktop and mobile app stopped working two days ago, my data is not updating.",Technical issue,Medium,Social media
1020,Charged twice for the same subscription,"My subscription renewed at a higher price than what I originally signed up for, please explain the increase.",Billing inquiry,Medium,Chat
1021,How do I cancel my plan,"Can you walk me through how to cancel my current plan, I cannot find the option in settings.",Cancellation request,Medium,Phone
1022,Asking about enterprise features,"Could you help me compare the mid and top tier plans, I am not sure which fits our team size.",Product inquiry,Low,Chat
1023,Invoice total does not match plan price,The total on my invoice this month is higher than my usual plan price and I am not sure why.,Billing inquiry,High,Chat
1024,Unexpected charge on my card,"My subscription renewed at a higher price than what I originally signed up for, please explain the increase.",Billing inquiry,High,Chat
1025,How do I cancel my plan,"Can you walk me through how to cancel my current plan, I cannot find the option in settings.",Cancellation request,Low,Email
1026,Unexpected charge on my card,"I have a question about a line item on my latest invoice, it doesn't match what I was quoted at signup.",Billing inquiry,High,Phone
1027,Cancelling due to lack of use,"Please cancel my account and stop any future billing, I no longer need the service.",Cancellation request,Medium,Phone
1028,Question about my last invoice,"My card was charged twice for the same monthly subscription, I would like to understand why and get this corrected.",Billing inquiry,Low,Email
1029,Asking about enterprise features,"Does your product support multiple user seats under one account, and how is pricing calculated for that.",Product inquiry,Medium,Chat
1030,Cannot connect to the server,I keep getting a server error when I try to log in with my correct credentials. I have tried resetting my password twice.,Technical issue,High,Social media
1031,Invoice total does not match plan price,The total on my invoice this month is higher than my usual plan price and I am not sure why.,Billing inquiry,Medium,Phone
1032,Need clarification on billing cycle,"Can you clarify exactly when my billing cycle starts and ends each month, the dates seem inconsistent.",Billing inquiry,Medium,Chat
1033,Question about my last invoice,"My card was charged twice for the same monthly subscription, I would like to understand why and get this corrected.",Billing inquiry,Medium,Email
1034,"Duplicate charge, please refund immediately","The product did not work as advertised and I have already spent hours troubleshooting, I want a refund.",Refund request,High,Chat
1035,Charged twice for the same subscription,"I have a question about a line item on my latest invoice, it doesn't match what I was quoted at signup.",Billing inquiry,High,Social media
1036,Comparing plan tiers,"I'm evaluating your enterprise features for my team, could you share more details on SSO support.",Product inquiry,High,Chat
1037,Cancelling due to lack of use,"I would like to cancel my subscription effective immediately, please confirm once this is done.",Cancellation request,Medium,Social media
1038,"Duplicate charge, please refund immediately",I would like to request a full refund for last month's charge because I did not use the service at all.,Refund request,High,Social media
1039,Want to cancel my subscription,"Can you walk me through how to cancel my current plan, I cannot find the option in settings.",Cancellation request,Medium,Social media
1040,Mobile app stuck on loading screen,"Every time I open the app it crashes immediately, even after reinstalling. This started after the last update.",Technical issue,Medium,Social media
1041,Please cancel my account,"Please cancel my account and stop any future billing, I no longer need the service.",Cancellation request,Medium,Social media
1042,Requesting a refund for last month,"The product did not work as advertised and I have already spent hours troubleshooting, I want a refund.",Refund request,High,Social media
1043,Unable to log into my account,The dashboard fails to load and shows a 500 internal server error whenever I try to view my reports.,Technical issue,High,Chat
1044,Cancelling due to lack of use,"Please cancel my account and stop any future billing, I no longer need the service.",Cancellation request,Medium,Chat
1045,How do I cancel my plan,"I am cancelling because I have not used the product in months, please process this and confirm.",Cancellation request,Low,Phone
1046,Subscription renewed at wrong price,"My subscription renewed at a higher price than what I originally signed up for, please explain the increase.",Billing inquiry,Low,Email
1047,Please cancel my account,"I would like to cancel my subscription effective immediately, please confirm once this is done.",Cancellation request,Medium,Social media
1048,Does this support multiple users,"Could you help me compare the mid and top tier plans, I am not sure which fits our team size.",Product inquiry,Medium,Email
1049,Unexpected charge on my card,The total on my invoice this month is higher than my usual plan price and I am not sure why.,Billing inquiry,High,Chat
1050,Question about my last invoice,"I have a question about a line item on my latest invoice, it doesn't match what I was quoted at signup.",Billing inquiry,High,Email
1051,Please cancel my account,"Please cancel my account and stop any future billing, I no longer need the service.",Cancellation request,Medium,Social media
1052,"Product did not work as advertised, want refund",I would like to request a full refund for last month's charge because I did not use the service at all.,Refund request,Critical,Chat
1053,Software freezes during export,"Every time I open the app it crashes immediately, even after reinstalling. This started after the last update.",Technical issue,Medium,Social media
1054,Question about upgrading my plan,"Could you help me compare the mid and top tier plans, I am not sure which fits our team size.",Product inquiry,Low,Social media
1055,Cancelling due to lack of use,"I am cancelling because I have not used the product in months, please process this and confirm.",Cancellation request,Low,Email
1056,Invoice total does not match plan price,"There is a charge on my card from your company that I do not recognize, can you explain what it is for.",Billing inquiry,Medium,Chat
1057,Website is throwing a 500 error,The dashboard fails to load and shows a 500 internal server error whenever I try to view my reports.,Technical issue,Low,Phone
1058,Website is throwing a 500 error,"Every time I open the app it crashes immediately, even after reinstalling. This started after the last update.",Technical issue,High,Phone
1059,Requesting a refund for last month,I would like to request a full refund for last month's charge because I did not use the service at all.,Refund request,Medium,Chat
1060,Subscription renewed at wrong price,"There is a charge on my card from your company that I do not recognize, can you explain what it is for.",Billing inquiry,Medium,Chat
1061,Please cancel my account,"I would like to cancel my subscription effective immediately, please confirm once this is done.",Cancellation request,Low,Phone
1062,Refund needed for accidental purchase,"I was charged twice for the same order, please refund the duplicate charge as soon as possible.",Refund request,High,Social media
1063,Question about upgrading my plan,"I'm evaluating your enterprise features for my team, could you share more details on SSO support.",Product inquiry,Low,Email
1064,Refund needed for accidental purchase,"I was charged twice for the same order, please refund the duplicate charge as soon as possible.",Refund request,High,Chat
1065,Question about upgrading my plan,I'm considering upgrading my plan and wanted to know what additional features come with the higher tier.,Product inquiry,Medium,Email
1066,Please cancel my account,"I am cancelling because I have not used the product in months, please process this and confirm.",Cancellation request,Medium,Phone
1067,Refund needed for accidental purchase,"The product did not work as advertised and I have already spent hours troubleshooting, I want a refund.",Refund request,High,Social media
1068,Comparing plan tiers,"Could you help me compare the mid and top tier plans, I am not sure which fits our team size.",Product inquiry,Medium,Chat
1069,"Product did not work as advertised, want refund",I would like to request a full refund for last month's charge because I did not use the service at all.,Refund request,Medium,Social media
1070,Sync feature not working,The mobile app is stuck on the loading screen and never gets past it no matter how many times I restart it.,Technical issue,Medium,Phone
1071,"Product did not work as advertised, want refund",I would like to request a full refund for last month's charge because I did not use the service at all.,Refund request,High,Phone
1072,Requesting a refund for last month,"I accidentally purchased the annual plan instead of monthly, please refund the difference right away.",Refund request,Medium,Phone
1073,Unable to log into my account,"I cannot connect to your server from my office network, but it works fine on my home wifi.",Technical issue,Medium,Email
1074,Question about my last invoice,"There is a charge on my card from your company that I do not recognize, can you explain what it is for.",Billing inquiry,High,Social media
1075,Want to cancel my subscription,"Can you walk me through how to cancel my current plan, I cannot find the option in settings.",Cancellation request,Medium,Social media
1076,Asking about enterprise features,"Could you help me compare the mid and top tier plans, I am not sure which fits our team size.",Product inquiry,Medium,Social media
1077,Software freezes during export,"I cannot connect to your server from my office network, but it works fine on my home wifi.",Technical issue,High,Email
1078,Invoice total does not match plan price,"My subscription renewed at a higher price than what I originally signed up for, please explain the increase.",Billing inquiry,Medium,Phone
1079,Website is throwing a 500 error,"The software freezes at 80 percent every time I try to export a large file, I have to force close it.",Technical issue,High,Phone
1080,How do I cancel my plan,"I am cancelling because I have not used the product in months, please process this and confirm.",Cancellation request,Low,Email
1081,Refund needed for accidental purchase,I would like to request a full refund for last month's charge because I did not use the service at all.,Refund request,Medium,Email
1082,How do I cancel my plan,"Please cancel my account and stop any future billing, I no longer need the service.",Cancellation request,Medium,Phone
1083,Invoice total does not match plan price,"There is a charge on my card from your company that I do not recognize, can you explain what it is for.",Billing inquiry,Low,Phone
1084,Sync feature not working,I keep getting a server error when I try to log in with my correct credentials. I have tried resetting my password twice.,Technical issue,Medium,Email
1085,How do I cancel my plan,"Can you walk me through how to cancel my current plan, I cannot find the option in settings.",Cancellation request,Low,Social media
1086,Asking about enterprise features,"I'm evaluating your enterprise features for my team, could you share more details on SSO support.",Product inquiry,Low,Email
1087,Does this support multiple users,"Does your product support multiple user seats under one account, and how is pricing calculated for that.",Product inquiry,Medium,Social media
1088,Want to cancel my subscription,"I would like to cancel my subscription effective immediately, please confirm once this is done.",Cancellation request,Low,Email
1089,Question about upgrading my plan,"I'm evaluating your enterprise features for my team, could you share more details on SSO support.",Product inquiry,Low,Email
1090,Software freezes during export,"Every time I open the app it crashes immediately, even after reinstalling. This started after the last update.",Technical issue,High,Phone
1091,Unexpected charge on my card,"I have a question about a line item on my latest invoice, it doesn't match what I was quoted at signup.",Billing inquiry,Low,Phone
1092,Asking about enterprise features,"Could you help me compare the mid and top tier plans, I am not sure which fits our team size.",Product inquiry,Medium,Phone
1093,Question about my last invoice,"There is a charge on my card from your company that I do not recognize, can you explain what it is for.",Billing inquiry,Low,Email
1094,Invoice total does not match plan price,"There is a charge on my card from your company that I do not recognize, can you explain what it is for.",Billing inquiry,Medium,Phone
1095,Subscription renewed at wrong price,"There is a charge on my card from your company that I do not recognize, can you explain what it is for.",Billing inquiry,Medium,Chat
1096,Software freezes during export,"I cannot connect to your server from my office network, but it works fine on my home wifi.",Technical issue,High,Email
1097,Charged twice for the same subscription,"Can you clarify exactly when my billing cycle starts and ends each month, the dates seem inconsistent.",Billing inquiry,High,Email
1098,Mobile app stuck on loading screen,"Every time I open the app it crashes immediately, even after reinstalling. This started after the last update.",Technical issue,Low,Social media
1099,Subscription renewed at wrong price,The total on my invoice this month is higher than my usual plan price and I am not sure why.,Billing inquiry,High,Social media
1100,Asking about enterprise features,"I'm evaluating your enterprise features for my team, could you share more details on SSO support.",Product inquiry,Low,Chat
1101,Question about upgrading my plan,"Could you help me compare the mid and top tier plans, I am not sure which fits our team size.",Product inquiry,Medium,Email
1102,Want to cancel my subscription,"I am cancelling because I have not used the product in months, please process this and confirm.",Cancellation request,Low,Social media
1103,How do I cancel my plan,"Can you walk me through how to cancel my current plan, I cannot find the option in settings.",Cancellation request,Low,Phone
1104,"Duplicate charge, please refund immediately","The product did not work as advertised and I have already spent hours troubleshooting, I want a refund.",Refund request,High,Phone
1105,"Duplicate charge, please refund immediately","I was charged twice for the same order, please refund the duplicate charge as soon as possible.",Refund request,Low,Social media
1106,Cannot connect to the server,"Our Zapier integration stopped passing data through after your latest release, nothing shows up on the other end.",Technical issue,Medium,Chat
1107,Refund needed for accidental purchase,"The product did not work as advertised and I have already spent hours troubleshooting, I want a refund.",Refund request,High,Social media
1108,Cannot connect to the server,I keep getting a server error when I try to log in with my correct credentials. I have tried resetting my password twice.,Technical issue,High,Social media
1109,Cancelling due to lack of use,"Can you walk me through how to cancel my current plan, I cannot find the option in settings.",Cancellation request,Medium,Chat
1110,Cancelling due to lack of use,"I would like to cancel my subscription effective immediately, please confirm once this is done.",Cancellation request,Low,Social media
1111,Please cancel my account,"Can you walk me through how to cancel my current plan, I cannot find the option in settings.",Cancellation request,Low,Email
1112,Comparing plan tiers,I'm considering upgrading my plan and wanted to know what additional features come with the higher tier.,Product inquiry,Medium,Social media
1113,Requesting a refund for last month,"I was charged twice for the same order, please refund the duplicate charge as soon as possible.",Refund request,Medium,Social media
1114,Unable to log into my account,The mobile app is stuck on the loading screen and never gets past it no matter how many times I restart it.,Technical issue,Medium,Email
1115,Sync feature not working,The dashboard fails to load and shows a 500 internal server error whenever I try to view my reports.,Technical issue,Critical,Email
1116,Subscription renewed at wrong price,"I have a question about a line item on my latest invoice, it doesn't match what I was quoted at signup.",Billing inquiry,Medium,Phone
1117,Cancelling due to lack of use,"Can you walk me through how to cancel my current plan, I cannot find the option in settings.",Cancellation request,Low,Phone
1118,Refund needed for accidental purchase,"I was charged twice for the same order, please refund the duplicate charge as soon as possible.",Refund request,High,Phone
1119,App keeps crashing on launch,The mobile app is stuck on the loading screen and never gets past it no matter how many times I restart it.,Technical issue,High,Phone
1120,Cannot connect to the server,"Every time I open the app it crashes immediately, even after reinstalling. This started after the last update.",Technical issue,Low,Phone
1121,Software freezes during export,"Every time I open the app it crashes immediately, even after reinstalling. This started after the last update.",Technical issue,Medium,Social media
1122,"Duplicate charge, please refund immediately","I was charged twice for the same order, please refund the duplicate charge as soon as possible.",Refund request,Medium,Chat
1123,Need clarification on billing cycle,"I have a question about a line item on my latest invoice, it doesn't match what I was quoted at signup.",Billing inquiry,Low,Social media
1124,"Duplicate charge, please refund immediately","The product did not work as advertised and I have already spent hours troubleshooting, I want a refund.",Refund request,Medium,Chat
1125,Charged twice for the same subscription,"My card was charged twice for the same monthly subscription, I would like to understand why and get this corrected.",Billing inquiry,Medium,Chat
1126,Cancelling due to lack of use,"Can you walk me through how to cancel my current plan, I cannot find the option in settings.",Cancellation request,Low,Social media
1127,Cancelling due to lack of use,"Can you walk me through how to cancel my current plan, I cannot find the option in settings.",Cancellation request,Medium,Social media
1128,Comparing plan tiers,"Could you help me compare the mid and top tier plans, I am not sure which fits our team size.",Product inquiry,Low,Chat
1129,Want to cancel my subscription,"I am cancelling because I have not used the product in months, please process this and confirm.",Cancellation request,High,Chat
1130,Asking about enterprise features,"Could you help me compare the mid and top tier plans, I am not sure which fits our team size.",Product inquiry,High,Phone
1131,App keeps crashing on launch,"Our Zapier integration stopped passing data through after your latest release, nothing shows up on the other end.",Technical issue,High,Email
1132,Comparing plan tiers,I'm considering upgrading my plan and wanted to know what additional features come with the higher tier.,Product inquiry,Low,Phone
1133,Want to cancel my subscription,"I would like to cancel my subscription effective immediately, please confirm once this is done.",Cancellation request,Low,Email
1134,Asking about enterprise features,I'm considering upgrading my plan and wanted to know what additional features come with the higher tier.,Product inquiry,High,Email
1135,Cancelling due to lack of use,"I am cancelling because I have not used the product in months, please process this and confirm.",Cancellation request,Medium,Phone
1136,Please cancel my account,"Please cancel my account and stop any future billing, I no longer need the service.",Cancellation request,Low,Email
1137,Asking about enterprise features,"I'm evaluating your enterprise features for my team, could you share more details on SSO support.",Product inquiry,Low,Social media
1138,Does this support multiple users,I'm considering upgrading my plan and wanted to know what additional features come with the higher tier.,Product inquiry,Medium,Phone
1139,Question about upgrading my plan,"I'm evaluating your enterprise features for my team, could you share more details on SSO support.",Product inquiry,Low,Chat
1140,Question about upgrading my plan,"I'm evaluating your enterprise features for my team, could you share more details on SSO support.",Product inquiry,Low,Phone
1141,Refund needed for accidental purchase,I would like to request a full refund for last month's charge because I did not use the service at all.,Refund request,High,Chat
1142,Does this support multiple users,"Could you help me compare the mid and top tier plans, I am not sure which fits our team size.",Product inquiry,Low,Chat
1143,"Product did not work as advertised, want refund","I was charged twice for the same order, please refund the duplicate charge as soon as possible.",Refund request,Medium,Email
1144,Requesting a refund for last month,"The product did not work as advertised and I have already spent hours troubleshooting, I want a refund.",Refund request,High,Chat
1145,Cancelling due to lack of use,"I am cancelling because I have not used the product in months, please process this and confirm.",Cancellation request,Low,Social media
1146,Question about my last invoice,The total on my invoice this month is higher than my usual plan price and I am not sure why.,Billing inquiry,High,Phone
1147,Software freezes during export,I keep getting a server error when I try to log in with my correct credentials. I have tried resetting my password twice.,Technical issue,Low,Social media
1148,Cancelling due to lack of use,"Please cancel my account and stop any future billing, I no longer need the service.",Cancellation request,Medium,Chat
1149,Cancelling due to lack of use,"I am cancelling because I have not used the product in months, please process this and confirm.",Cancellation request,Low,Social media
1150,Software freezes during export,"Our Zapier integration stopped passing data through after your latest release, nothing shows up on the other end.",Technical issue,Medium,Phone
1151,Question about upgrading my plan,I'm considering upgrading my plan and wanted to know what additional features come with the higher tier.,Product inquiry,High,Phone
1152,Please cancel my account,"Please cancel my account and stop any future billing, I no longer need the service.",Cancellation request,Low,Email
1153,"Duplicate charge, please refund immediately","I was charged twice for the same order, please refund the duplicate charge as soon as possible.",Refund request,High,Chat
1154,Does this support multiple users,"I'm evaluating your enterprise features for my team, could you share more details on SSO support.",Product inquiry,Medium,Chat
1155,Requesting a refund for last month,I would like to request a full refund for last month's charge because I did not use the service at all.,Refund request,High,Email
1156,Want to cancel my subscription,"I would like to cancel my subscription effective immediately, please confirm once this is done.",Cancellation request,Medium,Phone
1157,Subscription renewed at wrong price,"There is a charge on my card from your company that I do not recognize, can you explain what it is for.",Billing inquiry,Medium,Email
1158,Unable to log into my account,"Every time I open the app it crashes immediately, even after reinstalling. This started after the last update.",Technical issue,Critical,Chat
1159,Question about upgrading my plan,I'm considering upgrading my plan and wanted to know what additional features come with the higher tier.,Product inquiry,Low,Chat
1160,How do I cancel my plan,"I would like to cancel my subscription effective immediately, please confirm once this is done.",Cancellation request,Medium,Phone
1161,"Duplicate charge, please refund immediately",I would like to request a full refund for last month's charge because I did not use the service at all.,Refund request,High,Phone
1162,Please cancel my account,"Please cancel my account and stop any future billing, I no longer need the service.",Cancellation request,Low,Email
1163,Requesting a refund for last month,"I was charged twice for the same order, please refund the duplicate charge as soon as possible.",Refund request,Medium,Email
1164,Refund needed for accidental purchase,"The product did not work as advertised and I have already spent hours troubleshooting, I want a refund.",Refund request,High,Social media
1165,Invoice total does not match plan price,"Can you clarify exactly when my billing cycle starts and ends each month, the dates seem inconsistent.",Billing inquiry,Low,Social media
1166,Website is throwing a 500 error,The mobile app is stuck on the loading screen and never gets past it no matter how many times I restart it.,Technical issue,Medium,Email
1167,Please cancel my account,"I would like to cancel my subscription effective immediately, please confirm once this is done.",Cancellation request,Low,Email
1168,Asking about enterprise features,"Could you help me compare the mid and top tier plans, I am not sure which fits our team size.",Product inquiry,Low,Social media
1169,Subscription renewed at wrong price,"My subscription renewed at a higher price than what I originally signed up for, please explain the increase.",Billing inquiry,Low,Email
1170,Please cancel my account,"Can you walk me through how to cancel my current plan, I cannot find the option in settings.",Cancellation request,Medium,Social media
1171,Question about upgrading my plan,"Could you help me compare the mid and top tier plans, I am not sure which fits our team size.",Product inquiry,Low,Social media
1172,Sync feature not working,"Every time I open the app it crashes immediately, even after reinstalling. This started after the last update.",Technical issue,Medium,Social media
1173,Cannot connect to the server,"I cannot connect to your server from my office network, but it works fine on my home wifi.",Technical issue,High,Social media
1174,Unable to log into my account,"I cannot connect to your server from my office network, but it works fine on my home wifi.",Technical issue,High,Phone
1175,Integration with third-party tool broken,"The software freezes at 80 percent every time I try to export a large file, I have to force close it.",Technical issue,High,Chat
1176,Question about upgrading my plan,"Could you help me compare the mid and top tier plans, I am not sure which fits our team size.",Product inquiry,Medium,Phone
1177,Want to cancel my subscription,"Please cancel my account and stop any future billing, I no longer need the service.",Cancellation request,Medium,Social media
1178,Question about my last invoice,"My card was charged twice for the same monthly subscription, I would like to understand why and get this corrected.",Billing inquiry,Low,Chat
1179,Cancelling due to lack of use,"I would like to cancel my subscription effective immediately, please confirm once this is done.",Cancellation request,High,Phone
1180,Cancelling due to lack of use,"I would like to cancel my subscription effective immediately, please confirm once this is done.",Cancellation request,Low,Email
1181,Requesting a refund for last month,"I was charged twice for the same order, please refund the duplicate charge as soon as possible.",Refund request,Medium,Social media
1182,Does this support multiple users,"Does your product support multiple user seats under one account, and how is pricing calculated for that.",Product inquiry,High,Email
1183,Need clarification on billing cycle,"My subscription renewed at a higher price than what I originally signed up for, please explain the increase.",Billing inquiry,Low,Email
1184,Subscription renewed at wrong price,"My subscription renewed at a higher price than what I originally signed up for, please explain the increase.",Billing inquiry,Low,Chat
1185,Software freezes during export,I keep getting a server error when I try to log in with my correct credentials. I have tried resetting my password twice.,Technical issue,Medium,Chat
1186,Question about upgrading my plan,I'm considering upgrading my plan and wanted to know what additional features come with the higher tier.,Product inquiry,Low,Chat
1187,Sync feature not working,The mobile app is stuck on the loading screen and never gets past it no matter how many times I restart it.,Technical issue,Medium,Social media
1188,Requesting a refund for last month,"The product did not work as advertised and I have already spent hours troubleshooting, I want a refund.",Refund request,Medium,Chat
1189,Website is throwing a 500 error,"I cannot connect to your server from my office network, but it works fine on my home wifi.",Technical issue,Low,Phone
1190,Need clarification on billing cycle,"I have a question about a line item on my latest invoice, it doesn't match what I was quoted at signup.",Billing inquiry,High,Chat
1191,How do I cancel my plan,"I would like to cancel my subscription effective immediately, please confirm once this is done.",Cancellation request,Low,Social media
1192,Charged twice for the same subscription,"Can you clarify exactly when my billing cycle starts and ends each month, the dates seem inconsistent.",Billing inquiry,Low,Email
1193,Charged twice for the same subscription,"My subscription renewed at a higher price than what I originally signed up for, please explain the increase.",Billing inquiry,High,Phone
1194,Cancelling due to lack of use,"Can you walk me through how to cancel my current plan, I cannot find the option in settings.",Cancellation request,Low,Phone
1195,Comparing plan tiers,"Could you help me compare the mid and top tier plans, I am not sure which fits our team size.",Product inquiry,Low,Chat
1196,Question about upgrading my plan,"Does your product support multiple user seats under one account, and how is pricing calculated for that.",Product inquiry,Medium,Email
1197,Refund needed for accidental purchase,"I was charged twice for the same order, please refund the duplicate charge as soon as possible.",Refund request,Low,Chat
1198,Charged twice for the same subscription,The total on my invoice this month is higher than my usual plan price and I am not sure why.,Billing inquiry,Critical,Phone
1199,Does this support multiple users,"Could you help me compare the mid and top tier plans, I am not sure which fits our team size.",Product inquiry,Medium,Chat
1200,Requesting a refund for last month,"The product did not work as advertised and I have already spent hours troubleshooting, I want a refund.",Refund request,Medium,Chat
